lambda,tau,P_end,N,gamma,nruns,M,source,is_window,source_priority
0.005,1.00895734,0.0,10000,2.5,5000,54652,part2_N10000_g2.5.dat,False,0
0.006923,1.03359761,0.0,10000,2.5,5000,54652,part2_N10000_g2.5.dat,False,0
0.008846,1.02334417,0.0,10000,2.5,5000,54652,part2_N10000_g2.5.dat,False,0
0.010769,1.04117527,0.0,10000,2.5,5000,54652,part2_N10000_g2.5.dat,False,0
0.012692,1.01358644,0.0,10000,2.5,5000,54652,part2_N10000_g2.5.dat,False,0
0.014615,1.06677618,0.0,10000,2.5,5000,54652,part2_N10000_g2.5.dat,False,0
0.016538,1.09612974,0.0,10000,2.5,5000,54652,part2_N10000_g2.5.dat,False,0
0.018462,1.1491514,0.0,10000,2.5,5000,54652,part2_N10000_g2.5.dat,False,0
0.020385,1.30992846,0.0,10000,2.5,5000,54652,part2_N10000_g2.5.dat,False,0
0.022308,1.13443952,0.0044,10000,2.5,5000,54652,part2_N10000_g2.5.dat,False,0
0.024231,1.07640651,0.0094,10000,2.5,5000,54652,part2_N10000_g2.5.dat,False,0
0.026154,1.05672146,0.0118,10000,2.5,5000,54652,part2_N10000_g2.5.dat,False,0
0.028077,1.07861983,0.0146,10000,2.5,5000,54652,part2_N10000_g2.5.dat,False,0
0.03,1.06347984,0.0162,10000,2.5,5000,54652,part2_N10000_g2.5.dat,False,0
0.031923,1.06760747,0.018,10000,2.5,5000,54652,part2_N10000_g2.5.dat,False,0
0.033846,1.07863742,0.0218,10000,2.5,5000,54652,part2_N10000_g2.5.dat,False,0
0.035769,1.07407085,0.0268,10000,2.5,5000,54652,part2_N10000_g2.5.dat,False,0
0.037692,1.05801933,0.0248,10000,2.5,5000,54652,part2_N10000_g2.5.dat,False,0
0.039615,1.03810148,0.0334,10000,2.5,5000,54652,part2_N10000_g2.5.dat,False,0
0.041538,1.07723946,0.0374,10000,2.5,5000,54652,part2_N10000_g2.5.dat,False,0
0.043462,1.08949848,0.0402,10000,2.5,5000,54652,part2_N10000_g2.5.dat,False,0
0.045385,1.03318913,0.0454,10000,2.5,5000,54652,part2_N10000_g2.5.dat,False,0
0.047308,1.01717635,0.046,10000,2.5,5000,54652,part2_N10000_g2.5.dat,False,0
0.049231,1.04302512,0.0464,10000,2.5,5000,54652,part2_N10000_g2.5.dat,False,0
0.051154,1.03486176,0.055,10000,2.5,5000,54652,part2_N10000_g2.5.dat,False,0
0.053077,1.02462313,0.0534,10000,2.5,5000,54652,part2_N10000_g2.5.dat,False,0
0.055,1.03735013,0.0644,10000,2.5,5000,54652,part2_N10000_g2.5.dat,False,0
0.056923,1.03493332,0.0672,10000,2.5,5000,54652,part2_N10000_g2.5.dat,False,0
0.058846,1.03561823,0.0686,10000,2.5,5000,54652,part2_N10000_g2.5.dat,False,0
0.060769,1.00318715,0.0728,10000,2.5,5000,54652,part2_N10000_g2.5.dat,False,0
0.062692,1.02572616,0.0782,10000,2.5,5000,54652,part2_N10000_g2.5.dat,False,0
0.064615,1.00984696,0.0846,10000,2.5,5000,54652,part2_N10000_g2.5.dat,False,0
0.066538,0.998772329,0.0788,10000,2.5,5000,54652,part2_N10000_g2.5.dat,False,0
0.068462,1.00530385,0.091,10000,2.5,5000,54652,part2_N10000_g2.5.dat,False,0
0.070385,1.00944738,0.0854,10000,2.5,5000,54652,part2_N10000_g2.5.dat,False,0
0.072308,0.959959387,0.0914,10000,2.5,5000,54652,part2_N10000_g2.5.dat,False,0
0.074231,0.989678186,0.1074,10000,2.5,5000,54652,part2_N10000_g2.5.dat,False,0
0.076154,0.986869451,0.1006,10000,2.5,5000,54652,part2_N10000_g2.5.dat,False,0
0.078077,0.996130945,0.1002,10000,2.5,5000,54652,part2_N10000_g2.5.dat,False,0
0.08,0.983948305,0.1168,10000,2.5,5000,54652,part2_N10000_g2.5.dat,False,0
0.005,1.03255956,0.0,30000,2.5,5000,166740,part2_N30000_g2.5.dat,False,0
0.006923,1.01115931,0.0,30000,2.5,5000,166740,part2_N30000_g2.5.dat,False,0
0.008846,1.04008635,0.0,30000,2.5,5000,166740,part2_N30000_g2.5.dat,False,0
0.010769,1.04076348,0.0,30000,2.5,5000,166740,part2_N30000_g2.5.dat,False,0
0.012692,1.06923079,0.0,30000,2.5,5000,166740,part2_N30000_g2.5.dat,False,0
0.014615,1.17932901,0.0018,30000,2.5,5000,166740,part2_N30000_g2.5.dat,False,0
0.016538,1.0209575,0.0042,30000,2.5,5000,166740,part2_N30000_g2.5.dat,False,0
0.018462,1.07883528,0.0048,30000,2.5,5000,166740,part2_N30000_g2.5.dat,False,0
0.020385,1.06542944,0.009,30000,2.5,5000,166740,part2_N30000_g2.5.dat,False,0
0.022308,1.01696577,0.0124,30000,2.5,5000,166740,part2_N30000_g2.5.dat,False,0
0.024231,1.02644388,0.0168,30000,2.5,5000,166740,part2_N30000_g2.5.dat,False,0
0.026154,1.02245635,0.017,30000,2.5,5000,166740,part2_N30000_g2.5.dat,False,0
0.028077,1.03556092,0.02,30000,2.5,5000,166740,part2_N30000_g2.5.dat,False,0
0.03,1.04421086,0.0184,30000,2.5,5000,166740,part2_N30000_g2.5.dat,False,0
0.031923,1.01527301,0.0292,30000,2.5,5000,166740,part2_N30000_g2.5.dat,False,0
0.033846,1.05465227,0.0294,30000,2.5,5000,166740,part2_N30000_g2.5.dat,False,0
0.035769,1.0422591,0.0294,30000,2.5,5000,166740,part2_N30000_g2.5.dat,False,0
0.037692,1.02995107,0.0354,30000,2.5,5000,166740,part2_N30000_g2.5.dat,False,0
0.039615,1.02762927,0.0418,30000,2.5,5000,166740,part2_N30000_g2.5.dat,False,0
0.041538,1.03073543,0.0434,30000,2.5,5000,166740,part2_N30000_g2.5.dat,False,0
0.043462,1.05721943,0.0484,30000,2.5,5000,166740,part2_N30000_g2.5.dat,False,0
0.045385,1.01998711,0.056,30000,2.5,5000,166740,part2_N30000_g2.5.dat,False,0
0.047308,1.0033129,0.055,30000,2.5,5000,166740,part2_N30000_g2.5.dat,False,0
0.049231,1.0184555,0.0522,30000,2.5,5000,166740,part2_N30000_g2.5.dat,False,0
0.051154,1.01005769,0.0608,30000,2.5,5000,166740,part2_N30000_g2.5.dat,False,0
0.053077,1.02131008,0.0658,30000,2.5,5000,166740,part2_N30000_g2.5.dat,False,0
0.055,0.992438272,0.0716,30000,2.5,5000,166740,part2_N30000_g2.5.dat,False,0
0.056923,1.0107297,0.074,30000,2.5,5000,166740,part2_N30000_g2.5.dat,False,0
0.058846,0.981010344,0.0818,30000,2.5,5000,166740,part2_N30000_g2.5.dat,False,0
0.060769,0.998720724,0.084,30000,2.5,5000,166740,part2_N30000_g2.5.dat,False,0
0.062692,0.971904217,0.091,30000,2.5,5000,166740,part2_N30000_g2.5.dat,False,0
0.064615,0.995877611,0.0894,30000,2.5,5000,166740,part2_N30000_g2.5.dat,False,0
0.066538,0.975479808,0.0962,30000,2.5,5000,166740,part2_N30000_g2.5.dat,False,0
0.068462,0.989128582,0.0942,30000,2.5,5000,166740,part2_N30000_g2.5.dat,False,0
0.070385,0.98074252,0.099,30000,2.5,5000,166740,part2_N30000_g2.5.dat,False,0
0.072308,0.962091293,0.1062,30000,2.5,5000,166740,part2_N30000_g2.5.dat,False,0
0.074231,0.972740553,0.1104,30000,2.5,5000,166740,part2_N30000_g2.5.dat,False,0
0.076154,0.959432143,0.1136,30000,2.5,5000,166740,part2_N30000_g2.5.dat,False,0
0.078077,0.921386117,0.1224,30000,2.5,5000,166740,part2_N30000_g2.5.dat,False,0
0.08,0.930346168,0.1172,30000,2.5,5000,166740,part2_N30000_g2.5.dat,False,0
0.005,1.00352693,0.0,50000,2.5,5000,277033,part2_N50000_g2.5.dat,False,0
0.006923,1.03322136,0.0,50000,2.5,5000,277033,part2_N50000_g2.5.dat,False,0
0.008846,1.05676699,0.0,50000,2.5,5000,277033,part2_N50000_g2.5.dat,False,0
0.010769,1.03636629,0.0,50000,2.5,5000,277033,part2_N50000_g2.5.dat,False,0
0.012692,1.18512869,0.0,50000,2.5,5000,277033,part2_N50000_g2.5.dat,False,0
0.014615,1.07200933,0.0024,50000,2.5,5000,277033,part2_N50000_g2.5.dat,False,0
0.016538,1.06127859,0.003,50000,2.5,5000,277033,part2_N50000_g2.5.dat,False,0
0.018462,1.05078425,0.0062,50000,2.5,5000,277033,part2_N50000_g2.5.dat,False,0
0.020385,1.02389387,0.0102,50000,2.5,5000,277033,part2_N50000_g2.5.dat,False,0
0.022308,1.06125486,0.0124,50000,2.5,5000,277033,part2_N50000_g2.5.dat,False,0
0.024231,1.06679989,0.013,50000,2.5,5000,277033,part2_N50000_g2.5.dat,False,0
0.026154,1.04563617,0.0156,50000,2.5,5000,277033,part2_N50000_g2.5.dat,False,0
0.028077,1.00596458,0.0208,50000,2.5,5000,277033,part2_N50000_g2.5.dat,False,0
0.03,1.05853667,0.0208,50000,2.5,5000,277033,part2_N50000_g2.5.dat,False,0
0.031923,1.01926818,0.0254,50000,2.5,5000,277033,part2_N50000_g2.5.dat,False,0
0.033846,1.03385236,0.0294,50000,2.5,5000,277033,part2_N50000_g2.5.dat,False,0
0.035769,1.03517723,0.033,50000,2.5,5000,277033,part2_N50000_g2.5.dat,False,0
0.037692,1.02834916,0.0316,50000,2.5,5000,277033,part2_N50000_g2.5.dat,False,0
0.039615,1.02917,0.0352,50000,2.5,5000,277033,part2_N50000_g2.5.dat,False,0
0.041538,1.03346353,0.0326,50000,2.5,5000,277033,part2_N50000_g2.5.dat,False,0
0.043462,1.0341597,0.0422,50000,2.5,5000,277033,part2_N50000_g2.5.dat,False,0
0.045385,1.01703627,0.0486,50000,2.5,5000,277033,part2_N50000_g2.5.dat,False,0
0.047308,1.03564149,0.0536,50000,2.5,5000,277033,part2_N50000_g2.5.dat,False,0
0.049231,1.02161835,0.0508,50000,2.5,5000,277033,part2_N50000_g2.5.dat,False,0
0.051154,0.982733351,0.0598,50000,2.5,5000,277033,part2_N50000_g2.5.dat,False,0
0.053077,1.03615461,0.0544,50000,2.5,5000,277033,part2_N50000_g2.5.dat,False,0
0.055,1.01322379,0.0608,50000,2.5,5000,277033,part2_N50000_g2.5.dat,False,0
0.056923,1.0331959,0.071,50000,2.5,5000,277033,part2_N50000_g2.5.dat,False,0
0.058846,1.00758867,0.0748,50000,2.5,5000,277033,part2_N50000_g2.5.dat,False,0
0.060769,1.02723642,0.0718,50000,2.5,5000,277033,part2_N50000_g2.5.dat,False,0
0.062692,1.01492398,0.0838,50000,2.5,5000,277033,part2_N50000_g2.5.dat,False,0
0.064615,0.998582383,0.0814,50000,2.5,5000,277033,part2_N50000_g2.5.dat,False,0
0.066538,1.02961491,0.0874,50000,2.5,5000,277033,part2_N50000_g2.5.dat,False,0
0.068462,0.984367788,0.0948,50000,2.5,5000,277033,part2_N50000_g2.5.dat,False,0
0.070385,0.986769842,0.0904,50000,2.5,5000,277033,part2_N50000_g2.5.dat,False,0
0.072308,0.992628473,0.098,50000,2.5,5000,277033,part2_N50000_g2.5.dat,False,0
0.074231,0.958181285,0.1024,50000,2.5,5000,277033,part2_N50000_g2.5.dat,False,0
0.076154,0.970115484,0.108,50000,2.5,5000,277033,part2_N50000_g2.5.dat,False,0
0.078077,0.980062112,0.1104,50000,2.5,5000,277033,part2_N50000_g2.5.dat,False,0
0.08,0.968074551,0.1072,50000,2.5,5000,277033,part2_N50000_g2.5.dat,False,0
0.005,1.00229553,0.0,100000,2.5,2000,560366,part2_N100000_g2.5.dat,False,0
0.008,1.04745494,0.0,100000,2.5,4000,560372,part2_N100000_g2.5_window.dat,True,1
0.0085,1.04108792,0.0,100000,2.5,4000,560372,part2_N100000_g2.5_window.dat,True,1
0.009,1.09281752,0.0,100000,2.5,4000,560372,part2_N100000_g2.5_window.dat,True,1
0.0095,1.07158656,0.00025,100000,2.5,4000,560372,part2_N100000_g2.5_window.dat,True,1
0.01,1.04982778,0.002,100000,2.5,4000,560372,part2_N100000_g2.5_window.dat,True,1
0.0105,1.0316001,0.00125,100000,2.5,4000,560372,part2_N100000_g2.5_window.dat,True,1
0.011,1.03261933,0.0025,100000,2.5,4000,560372,part2_N100000_g2.5_window.dat,True,1
0.0115,1.05054022,0.00325,100000,2.5,4000,560372,part2_N100000_g2.5_window.dat,True,1
0.012,1.03018377,0.00325,100000,2.5,4000,560372,part2_N100000_g2.5_window.dat,True,1
0.0125,1.05646443,0.00375,100000,2.5,4000,560372,part2_N100000_g2.5_window.dat,True,1
0.013,1.019043,0.005,100000,2.5,4000,560372,part2_N100000_g2.5_window.dat,True,1
0.0135,1.02198534,0.00525,100000,2.5,4000,560372,part2_N100000_g2.5_window.dat,True,1
0.014,1.02723939,0.004,100000,2.5,4000,560372,part2_N100000_g2.5_window.dat,True,1
0.0145,1.05506409,0.00675,100000,2.5,4000,560372,part2_N100000_g2.5_window.dat,True,1
0.015,1.02578277,0.006,100000,2.5,4000,560372,part2_N100000_g2.5_window.dat,True,1
0.0155,1.02871044,0.007,100000,2.5,4000,560372,part2_N100000_g2.5_window.dat,True,1
0.016,1.02432173,0.0075,100000,2.5,4000,560372,part2_N100000_g2.5_window.dat,True,1
0.0165,1.03582432,0.007,100000,2.5,4000,560372,part2_N100000_g2.5_window.dat,True,1
0.017,1.02405196,0.00875,100000,2.5,4000,560372,part2_N100000_g2.5_window.dat,True,1
0.0175,1.04777442,0.0105,100000,2.5,4000,560372,part2_N100000_g2.5_window.dat,True,1
0.018,1.05188142,0.00925,100000,2.5,4000,560372,part2_N100000_g2.5_window.dat,True,1
0.0185,1.04543086,0.0125,100000,2.5,4000,560372,part2_N100000_g2.5_window.dat,True,1
0.019,1.02698161,0.0115,100000,2.5,4000,560372,part2_N100000_g2.5_window.dat,True,1
0.0195,1.04640889,0.01275,100000,2.5,4000,560372,part2_N100000_g2.5_window.dat,True,1
0.02,1.04315702,0.0145,100000,2.5,4000,560372,part2_N100000_g2.5_window.dat,True,1
0.0205,1.05283916,0.01075,100000,2.5,4000,560372,part2_N100000_g2.5_window.dat,True,1
0.021,1.05015017,0.0115,100000,2.5,4000,560372,part2_N100000_g2.5_window.dat,True,1
0.0215,0.993327993,0.01725,100000,2.5,4000,560372,part2_N100000_g2.5_window.dat,True,1
0.022,1.03206366,0.014,100000,2.5,4000,560372,part2_N100000_g2.5_window.dat,True,1
0.0225,1.01706137,0.0165,100000,2.5,4000,560372,part2_N100000_g2.5_window.dat,True,1
0.023,1.05696887,0.01425,100000,2.5,4000,560372,part2_N100000_g2.5_window.dat,True,1
0.0235,1.00995461,0.0165,100000,2.5,4000,560372,part2_N100000_g2.5_window.dat,True,1
0.024,1.0622709,0.01675,100000,2.5,4000,560372,part2_N100000_g2.5_window.dat,True,1
0.0245,1.05457401,0.01775,100000,2.5,4000,560372,part2_N100000_g2.5_window.dat,True,1
0.025,1.03371032,0.02025,100000,2.5,4000,560372,part2_N100000_g2.5_window.dat,True,1
0.0255,1.039623,0.01825,100000,2.5,4000,560372,part2_N100000_g2.5_window.dat,True,1
0.026,1.02662352,0.01775,100000,2.5,4000,560372,part2_N100000_g2.5_window.dat,True,1
0.0265,0.998959354,0.02125,100000,2.5,4000,560372,part2_N100000_g2.5_window.dat,True,1
0.027,1.03313337,0.019,100000,2.5,4000,560372,part2_N100000_g2.5_window.dat,True,1
0.0275,1.03269758,0.02225,100000,2.5,4000,560372,part2_N100000_g2.5_window.dat,True,1
0.028,1.02263806,0.0235,100000,2.5,4000,560372,part2_N100000_g2.5_window.dat,True,1
0.0285,1.02375978,0.02125,100000,2.5,4000,560372,part2_N100000_g2.5_window.dat,True,1
0.029,1.01887841,0.0215,100000,2.5,4000,560372,part2_N100000_g2.5_window.dat,True,1
0.0295,1.02258157,0.02375,100000,2.5,4000,560372,part2_N100000_g2.5_window.dat,True,1
0.03,1.03772008,0.02525,100000,2.5,4000,560372,part2_N100000_g2.5_window.dat,True,1
0.033125,0.996048601,0.029,100000,2.5,2000,560366,part2_N100000_g2.5.dat,False,0
0.03625,1.02725377,0.0295,100000,2.5,2000,560366,part2_N100000_g2.5.dat,False,0
0.039375,1.06304107,0.0485,100000,2.5,2000,560366,part2_N100000_g2.5.dat,False,0
0.0425,1.06157594,0.0465,100000,2.5,2000,560366,part2_N100000_g2.5.dat,False,0
0.045625,1.04027876,0.036,100000,2.5,2000,560366,part2_N100000_g2.5.dat,False,0
0.04875,1.01250734,0.056,100000,2.5,2000,560366,part2_N100000_g2.5.dat,False,0
0.051875,1.05753855,0.059,100000,2.5,2000,560366,part2_N100000_g2.5.dat,False,0
0.055,1.02266561,0.074,100000,2.5,2000,560366,part2_N100000_g2.5.dat,False,0
0.058125,0.959113398,0.0665,100000,2.5,2000,560366,part2_N100000_g2.5.dat,False,0
0.06125,1.00372567,0.066,100000,2.5,2000,560366,part2_N100000_g2.5.dat,False,0
0.064375,0.964726294,0.0955,100000,2.5,2000,560366,part2_N100000_g2.5.dat,False,0
0.0675,0.993262998,0.085,100000,2.5,2000,560366,part2_N100000_g2.5.dat,False,0
0.070625,0.997337592,0.0965,100000,2.5,2000,560366,part2_N100000_g2.5.dat,False,0
0.07375,0.931514567,0.0905,100000,2.5,2000,560366,part2_N100000_g2.5.dat,False,0
0.076875,0.992412742,0.1065,100000,2.5,2000,560366,part2_N100000_g2.5.dat,False,0
0.08,0.971217218,0.128,100000,2.5,2000,560366,part2_N100000_g2.5.dat,False,0
0.005,0.997016775,0.0,300000,2.5,2000,1682681,part2_N300000_g2.5.dat,False,0
0.008,1.02168254,0.00125,300000,2.5,4000,1727655,part2_N300000_g2.5_window.dat,True,1
0.0085,1.05497907,0.002,300000,2.5,4000,1727655,part2_N300000_g2.5_window.dat,True,1
0.009,0.998249048,0.002,300000,2.5,4000,1727655,part2_N300000_g2.5_window.dat,True,1
0.0095,1.01988813,0.00175,300000,2.5,4000,1727655,part2_N300000_g2.5_window.dat,True,1
0.01,1.04233424,0.00125,300000,2.5,4000,1727655,part2_N300000_g2.5_window.dat,True,1
0.0105,1.05344162,0.004,300000,2.5,4000,1727655,part2_N300000_g2.5_window.dat,True,1
0.011,1.04147897,0.00425,300000,2.5,4000,1727655,part2_N300000_g2.5_window.dat,True,1
0.0115,1.01908518,0.00575,300000,2.5,4000,1727655,part2_N300000_g2.5_window.dat,True,1
0.012,1.02975511,0.00325,300000,2.5,4000,1727655,part2_N300000_g2.5_window.dat,True,1
0.0125,0.979944765,0.0055,300000,2.5,4000,1727655,part2_N300000_g2.5_window.dat,True,1
0.013,1.06009417,0.00525,300000,2.5,4000,1727655,part2_N300000_g2.5_window.dat,True,1
0.0135,1.05043091,0.0055,300000,2.5,4000,1727655,part2_N300000_g2.5_window.dat,True,1
0.014,1.02336986,0.0065,300000,2.5,4000,1727655,part2_N300000_g2.5_window.dat,True,1
0.0145,1.06695881,0.00675,300000,2.5,4000,1727655,part2_N300000_g2.5_window.dat,True,1
0.015,1.03582587,0.006,300000,2.5,4000,1727655,part2_N300000_g2.5_window.dat,True,1
0.0155,1.02067999,0.008,300000,2.5,4000,1727655,part2_N300000_g2.5_window.dat,True,1
0.016,1.03109205,0.009,300000,2.5,4000,1727655,part2_N300000_g2.5_window.dat,True,1
0.0165,1.05144548,0.00725,300000,2.5,4000,1727655,part2_N300000_g2.5_window.dat,True,1
0.017,1.02883861,0.00975,300000,2.5,4000,1727655,part2_N300000_g2.5_window.dat,True,1
0.0175,1.0566374,0.00825,300000,2.5,4000,1727655,part2_N300000_g2.5_window.dat,True,1
0.018,1.0624641,0.0115,300000,2.5,4000,1727655,part2_N300000_g2.5_window.dat,True,1
0.0185,1.03776497,0.013,300000,2.5,4000,1727655,part2_N300000_g2.5_window.dat,True,1
0.019,1.05105056,0.0105,300000,2.5,4000,1727655,part2_N300000_g2.5_window.dat,True,1
0.0195,1.02994157,0.0135,300000,2.5,4000,1727655,part2_N300000_g2.5_window.dat,True,1
0.02,1.02064161,0.01575,300000,2.5,4000,1727655,part2_N300000_g2.5_window.dat,True,1
0.0205,1.02097314,0.01675,300000,2.5,4000,1727655,part2_N300000_g2.5_window.dat,True,1
0.021,1.01597819,0.014,300000,2.5,4000,1727655,part2_N300000_g2.5_window.dat,True,1
0.0215,1.06659822,0.0165,300000,2.5,4000,1727655,part2_N300000_g2.5_window.dat,True,1
0.022,1.01526601,0.01625,300000,2.5,4000,1727655,part2_N300000_g2.5_window.dat,True,1
0.0225,1.04638338,0.0145,300000,2.5,4000,1727655,part2_N300000_g2.5_window.dat,True,1
0.023,1.03228366,0.01825,300000,2.5,4000,1727655,part2_N300000_g2.5_window.dat,True,1
0.0235,1.03224642,0.0155,300000,2.5,4000,1727655,part2_N300000_g2.5_window.dat,True,1
0.024,1.03156975,0.018,300000,2.5,4000,1727655,part2_N300000_g2.5_window.dat,True,1
0.0245,1.02704782,0.01725,300000,2.5,4000,1727655,part2_N300000_g2.5_window.dat,True,1
0.025,1.03697845,0.01925,300000,2.5,4000,1727655,part2_N300000_g2.5_window.dat,True,1
0.0255,1.02680385,0.02025,300000,2.5,4000,1727655,part2_N300000_g2.5_window.dat,True,1
0.026,1.0289738,0.0235,300000,2.5,4000,1727655,part2_N300000_g2.5_window.dat,True,1
0.0265,1.02586266,0.01875,300000,2.5,4000,1727655,part2_N300000_g2.5_window.dat,True,1
0.027,1.06214747,0.01875,300000,2.5,4000,1727655,part2_N300000_g2.5_window.dat,True,1
0.0275,1.02855168,0.0265,300000,2.5,4000,1727655,part2_N300000_g2.5_window.dat,True,1
0.028,1.03607072,0.02675,300000,2.5,4000,1727655,part2_N300000_g2.5_window.dat,True,1
0.0285,1.0147232,0.02125,300000,2.5,4000,1727655,part2_N300000_g2.5_window.dat,True,1
0.029,1.03259515,0.02875,300000,2.5,4000,1727655,part2_N300000_g2.5_window.dat,True,1
0.0295,1.03251748,0.025,300000,2.5,4000,1727655,part2_N300000_g2.5_window.dat,True,1
0.03,1.03426389,0.033,300000,2.5,4000,1727655,part2_N300000_g2.5_window.dat,True,1
0.033125,1.06267138,0.0305,300000,2.5,2000,1682681,part2_N300000_g2.5.dat,False,0
0.03625,1.06381691,0.0325,300000,2.5,2000,1682681,part2_N300000_g2.5.dat,False,0
0.039375,1.05144939,0.0365,300000,2.5,2000,1682681,part2_N300000_g2.5.dat,False,0
0.0425,1.0493409,0.05,300000,2.5,2000,1682681,part2_N300000_g2.5.dat,False,0
0.045625,1.06759811,0.047,300000,2.5,2000,1682681,part2_N300000_g2.5.dat,False,0
0.04875,1.0307378,0.043,300000,2.5,2000,1682681,part2_N300000_g2.5.dat,False,0
0.051875,1.00747624,0.053,300000,2.5,2000,1682681,part2_N300000_g2.5.dat,False,0
0.055,0.985224983,0.0705,300000,2.5,2000,1682681,part2_N300000_g2.5.dat,False,0
0.058125,0.98217087,0.076,300000,2.5,2000,1682681,part2_N300000_g2.5.dat,False,0
0.06125,1.02424532,0.082,300000,2.5,2000,1682681,part2_N300000_g2.5.dat,False,0
0.064375,0.949329525,0.087,300000,2.5,2000,1682681,part2_N300000_g2.5.dat,False,0
0.0675,0.984848777,0.101,300000,2.5,2000,1682681,part2_N300000_g2.5.dat,False,0
0.070625,1.00912615,0.0845,300000,2.5,2000,1682681,part2_N300000_g2.5.dat,False,0
0.07375,1.00860255,0.1015,300000,2.5,2000,1682681,part2_N300000_g2.5.dat,False,0
0.076875,0.960618043,0.1205,300000,2.5,2000,1682681,part2_N300000_g2.5.dat,False,0
0.08,0.983316114,0.111,300000,2.5,2000,1682681,part2_N300000_g2.5.dat,False,0
0.005,1.01006284,0.0,500000,2.5,2000,2832616,part2_N500000_g2.5.dat,False,0
0.008,0.987200332,0.00325,500000,2.5,4000,2891469,part2_N500000_g2.5_window.dat,True,1
0.0085,0.978425138,0.00125,500000,2.5,4000,2891469,part2_N500000_g2.5_window.dat,True,1
0.009,1.03576168,0.0025,500000,2.5,4000,2891469,part2_N500000_g2.5_window.dat,True,1
0.0095,0.997674655,0.003,500000,2.5,4000,2891469,part2_N500000_g2.5_window.dat,True,1
0.01,1.02802348,0.002,500000,2.5,4000,2891469,part2_N500000_g2.5_window.dat,True,1
0.0105,0.991295267,0.00325,500000,2.5,4000,2891469,part2_N500000_g2.5_window.dat,True,1
0.011,0.984621018,0.00575,500000,2.5,4000,2891469,part2_N500000_g2.5_window.dat,True,1
0.0115,1.01715885,0.003,500000,2.5,4000,2891469,part2_N500000_g2.5_window.dat,True,1
0.012,0.996040525,0.0055,500000,2.5,4000,2891469,part2_N500000_g2.5_window.dat,True,1
0.0125,1.04340291,0.006,500000,2.5,4000,2891469,part2_N500000_g2.5_window.dat,True,1
0.013,1.04017019,0.005,500000,2.5,4000,2891469,part2_N500000_g2.5_window.dat,True,1
0.0135,1.03309831,0.00925,500000,2.5,4000,2891469,part2_N500000_g2.5_window.dat,True,1
0.014,1.03933641,0.01,500000,2.5,4000,2891469,part2_N500000_g2.5_window.dat,True,1
0.0145,1.048995,0.00775,500000,2.5,4000,2891469,part2_N500000_g2.5_window.dat,True,1
0.015,1.01959362,0.00775,500000,2.5,4000,2891469,part2_N500000_g2.5_window.dat,True,1
0.0155,1.0491383,0.00725,500000,2.5,4000,2891469,part2_N500000_g2.5_window.dat,True,1
0.016,1.02046613,0.0105,500000,2.5,4000,2891469,part2_N500000_g2.5_window.dat,True,1
0.0165,1.03139228,0.01025,500000,2.5,4000,2891469,part2_N500000_g2.5_window.dat,True,1
0.017,1.01106354,0.01425,500000,2.5,4000,2891469,part2_N500000_g2.5_window.dat,True,1
0.0175,1.03068854,0.01,500000,2.5,4000,2891469,part2_N500000_g2.5_window.dat,True,1
0.018,1.03463353,0.01225,500000,2.5,4000,2891469,part2_N500000_g2.5_window.dat,True,1
0.0185,0.997300548,0.0155,500000,2.5,4000,2891469,part2_N500000_g2.5_window.dat,True,1
0.019,1.04023405,0.01125,500000,2.5,4000,2891469,part2_N500000_g2.5_window.dat,True,1
0.0195,1.04636825,0.0115,500000,2.5,4000,2891469,part2_N500000_g2.5_window.dat,True,1
0.02,1.03589119,0.015,500000,2.5,4000,2891469,part2_N500000_g2.5_window.dat,True,1
0.0205,1.07440516,0.0145,500000,2.5,4000,2891469,part2_N500000_g2.5_window.dat,True,1
0.021,1.02183464,0.01525,500000,2.5,4000,2891469,part2_N500000_g2.5_window.dat,True,1
0.0215,1.00112114,0.01225,500000,2.5,4000,2891469,part2_N500000_g2.5_window.dat,True,1
0.022,1.01311579,0.0165,500000,2.5,4000,2891469,part2_N500000_g2.5_window.dat,True,1
0.0225,1.02140996,0.017,500000,2.5,4000,2891469,part2_N500000_g2.5_window.dat,True,1
0.023,1.04043824,0.021,500000,2.5,4000,2891469,part2_N500000_g2.5_window.dat,True,1
0.0235,1.03995375,0.02275,500000,2.5,4000,2891469,part2_N500000_g2.5_window.dat,True,1
0.024,1.04403866,0.01675,500000,2.5,4000,2891469,part2_N500000_g2.5_window.dat,True,1
0.0245,1.02756978,0.02275,500000,2.5,4000,2891469,part2_N500000_g2.5_window.dat,True,1
0.025,1.01665405,0.0215,500000,2.5,4000,2891469,part2_N500000_g2.5_window.dat,True,1
0.0255,1.03859511,0.0195,500000,2.5,4000,2891469,part2_N500000_g2.5_window.dat,True,1
0.026,1.02224879,0.026,500000,2.5,4000,2891469,part2_N500000_g2.5_window.dat,True,1
0.0265,1.03802982,0.0245,500000,2.5,4000,2891469,part2_N500000_g2.5_window.dat,True,1
0.027,1.04312099,0.02175,500000,2.5,4000,2891469,part2_N500000_g2.5_window.dat,True,1
0.0275,1.01620947,0.02525,500000,2.5,4000,2891469,part2_N500000_g2.5_window.dat,True,1
0.028,1.0355025,0.02475,500000,2.5,4000,2891469,part2_N500000_g2.5_window.dat,True,1
0.0285,1.02484643,0.027,500000,2.5,4000,2891469,part2_N500000_g2.5_window.dat,True,1
0.029,1.0123819,0.02525,500000,2.5,4000,2891469,part2_N500000_g2.5_window.dat,True,1
0.0295,1.01993149,0.03,500000,2.5,4000,2891469,part2_N500000_g2.5_window.dat,True,1
0.03,1.00121915,0.02775,500000,2.5,4000,2891469,part2_N500000_g2.5_window.dat,True,1
0.033125,1.01156639,0.027,500000,2.5,2000,2832616,part2_N500000_g2.5.dat,False,0
0.03625,1.07633433,0.0385,500000,2.5,2000,2832616,part2_N500000_g2.5.dat,False,0
0.039375,0.989648422,0.0375,500000,2.5,2000,2832616,part2_N500000_g2.5.dat,False,0
0.0425,1.00913405,0.052,500000,2.5,2000,2832616,part2_N500000_g2.5.dat,False,0
0.045625,1.00917547,0.0545,500000,2.5,2000,2832616,part2_N500000_g2.5.dat,False,0
0.04875,0.98003202,0.0615,500000,2.5,2000,2832616,part2_N500000_g2.5.dat,False,0
0.051875,1.03974785,0.0595,500000,2.5,2000,2832616,part2_N500000_g2.5.dat,False,0
0.055,0.982442216,0.0645,500000,2.5,2000,2832616,part2_N500000_g2.5.dat,False,0
0.058125,0.992321131,0.0805,500000,2.5,2000,2832616,part2_N500000_g2.5.dat,False,0
0.06125,0.995643293,0.083,500000,2.5,2000,2832616,part2_N500000_g2.5.dat,False,0
0.064375,0.953474003,0.077,500000,2.5,2000,2832616,part2_N500000_g2.5.dat,False,0
0.0675,0.958651988,0.0925,500000,2.5,2000,2832616,part2_N500000_g2.5.dat,False,0
0.070625,0.98634398,0.0895,500000,2.5,2000,2832616,part2_N500000_g2.5.dat,False,0
0.07375,0.997102587,0.1095,500000,2.5,2000,2832616,part2_N500000_g2.5.dat,False,0
0.076875,1.01389885,0.122,500000,2.5,2000,2832616,part2_N500000_g2.5.dat,False,0
0.08,0.970848955,0.129,500000,2.5,2000,2832616,part2_N500000_g2.5.dat,False,0
0.005,1.01852809,0.0,1000000,2.5,2000,5669680,part2_N1000000_g2.5.dat,False,0
0.008,1.00340196,0.00175,1000000,2.5,4000,5722471,part2_N1000000_g2.5_window.dat,True,1
0.0085,1.00855205,0.0025,1000000,2.5,4000,5722471,part2_N1000000_g2.5_window.dat,True,1
0.009,1.00194712,0.002,1000000,2.5,4000,5722471,part2_N1000000_g2.5_window.dat,True,1
0.0095,1.03553304,0.002,1000000,2.5,4000,5722471,part2_N1000000_g2.5_window.dat,True,1
0.01,1.02539164,0.00325,1000000,2.5,4000,5722471,part2_N1000000_g2.5_window.dat,True,1
0.0105,1.02457098,0.003,1000000,2.5,4000,5722471,part2_N1000000_g2.5_window.dat,True,1
0.011,1.01768139,0.004,1000000,2.5,4000,5722471,part2_N1000000_g2.5_window.dat,True,1
0.0115,1.02439215,0.0045,1000000,2.5,4000,5722471,part2_N1000000_g2.5_window.dat,True,1
0.012,1.03893675,0.0025,1000000,2.5,4000,5722471,part2_N1000000_g2.5_window.dat,True,1
0.0125,1.02706442,0.006,1000000,2.5,4000,5722471,part2_N1000000_g2.5_window.dat,True,1
0.013,1.004063,0.007,1000000,2.5,4000,5722471,part2_N1000000_g2.5_window.dat,True,1
0.0135,1.02516311,0.0055,1000000,2.5,4000,5722471,part2_N1000000_g2.5_window.dat,True,1
0.014,1.00059224,0.00575,1000000,2.5,4000,5722471,part2_N1000000_g2.5_window.dat,True,1
0.0145,1.0262979,0.00725,1000000,2.5,4000,5722471,part2_N1000000_g2.5_window.dat,True,1
0.015,1.01247169,0.0045,1000000,2.5,4000,5722471,part2_N1000000_g2.5_window.dat,True,1
0.0155,1.07283022,0.0075,1000000,2.5,4000,5722471,part2_N1000000_g2.5_window.dat,True,1
0.016,1.03346261,0.01175,1000000,2.5,4000,5722471,part2_N1000000_g2.5_window.dat,True,1
0.0165,1.04771869,0.00925,1000000,2.5,4000,5722471,part2_N1000000_g2.5_window.dat,True,1
0.017,1.0358151,0.008,1000000,2.5,4000,5722471,part2_N1000000_g2.5_window.dat,True,1
0.0175,0.999964293,0.0105,1000000,2.5,4000,5722471,part2_N1000000_g2.5_window.dat,True,1
0.018,1.00028852,0.012,1000000,2.5,4000,5722471,part2_N1000000_g2.5_window.dat,True,1
0.0185,1.04666912,0.012,1000000,2.5,4000,5722471,part2_N1000000_g2.5_window.dat,True,1
0.019,1.05245052,0.0115,1000000,2.5,4000,5722471,part2_N1000000_g2.5_window.dat,True,1
0.0195,0.992185133,0.01075,1000000,2.5,4000,5722471,part2_N1000000_g2.5_window.dat,True,1
0.02,1.02268892,0.013,1000000,2.5,4000,5722471,part2_N1000000_g2.5_window.dat,True,1
0.0205,1.01904193,0.01425,1000000,2.5,4000,5722471,part2_N1000000_g2.5_window.dat,True,1
0.021,1.03454153,0.01725,1000000,2.5,4000,5722471,part2_N1000000_g2.5_window.dat,True,1
0.0215,1.0029457,0.01175,1000000,2.5,4000,5722471,part2_N1000000_g2.5_window.dat,True,1
0.022,1.01517514,0.01575,1000000,2.5,4000,5722471,part2_N1000000_g2.5_window.dat,True,1
0.0225,1.0274027,0.016,1000000,2.5,4000,5722471,part2_N1000000_g2.5_window.dat,True,1
0.023,1.03355071,0.0165,1000000,2.5,4000,5722471,part2_N1000000_g2.5_window.dat,True,1
0.0235,1.02111421,0.019,1000000,2.5,4000,5722471,part2_N1000000_g2.5_window.dat,True,1
0.024,1.03682445,0.021,1000000,2.5,4000,5722471,part2_N1000000_g2.5_window.dat,True,1
0.0245,0.97440283,0.0215,1000000,2.5,4000,5722471,part2_N1000000_g2.5_window.dat,True,1
0.025,1.01487239,0.02075,1000000,2.5,4000,5722471,part2_N1000000_g2.5_window.dat,True,1
0.0255,1.01162318,0.02275,1000000,2.5,4000,5722471,part2_N1000000_g2.5_window.dat,True,1
0.026,1.03547553,0.021,1000000,2.5,4000,5722471,part2_N1000000_g2.5_window.dat,True,1
0.0265,1.02577714,0.019,1000000,2.5,4000,5722471,part2_N1000000_g2.5_window.dat,True,1
0.027,1.02914003,0.0215,1000000,2.5,4000,5722471,part2_N1000000_g2.5_window.dat,True,1
0.0275,1.02413242,0.02725,1000000,2.5,4000,5722471,part2_N1000000_g2.5_window.dat,True,1
0.028,1.01713755,0.0205,1000000,2.5,4000,5722471,part2_N1000000_g2.5_window.dat,True,1
0.0285,1.02343968,0.02625,1000000,2.5,4000,5722471,part2_N1000000_g2.5_window.dat,True,1
0.029,1.01612689,0.024,1000000,2.5,4000,5722471,part2_N1000000_g2.5_window.dat,True,1
0.0295,1.04956493,0.02875,1000000,2.5,4000,5722471,part2_N1000000_g2.5_window.dat,True,1
0.03,1.0463732,0.027,1000000,2.5,4000,5722471,part2_N1000000_g2.5_window.dat,True,1
0.033125,1.04412016,0.031,1000000,2.5,2000,5669680,part2_N1000000_g2.5.dat,False,0
0.03625,0.99616775,0.0295,1000000,2.5,2000,5669680,part2_N1000000_g2.5.dat,False,0
0.039375,1.0447166,0.047,1000000,2.5,2000,5669680,part2_N1000000_g2.5.dat,False,0
0.0425,1.02737924,0.0485,1000000,2.5,2000,5669680,part2_N1000000_g2.5.dat,False,0
0.045625,0.993215357,0.053,1000000,2.5,2000,5669680,part2_N1000000_g2.5.dat,False,0
0.04875,0.986216855,0.053,1000000,2.5,2000,5669680,part2_N1000000_g2.5.dat,False,0
0.051875,0.996290245,0.0615,1000000,2.5,2000,5669680,part2_N1000000_g2.5.dat,False,0
0.055,1.00987018,0.0725,1000000,2.5,2000,5669680,part2_N1000000_g2.5.dat,False,0
0.058125,1.05918999,0.0785,1000000,2.5,2000,5669680,part2_N1000000_g2.5.dat,False,0
0.06125,1.012065,0.084,1000000,2.5,2000,5669680,part2_N1000000_g2.5.dat,False,0
0.064375,0.961183916,0.091,1000000,2.5,2000,5669680,part2_N1000000_g2.5.dat,False,0
0.0675,0.987562822,0.089,1000000,2.5,2000,5669680,part2_N1000000_g2.5.dat,False,0
0.070625,1.00515287,0.1145,1000000,2.5,2000,5669680,part2_N1000000_g2.5.dat,False,0
0.07375,1.01018394,0.1115,1000000,2.5,2000,5669680,part2_N1000000_g2.5.dat,False,0
0.076875,0.999823016,0.1055,1000000,2.5,2000,5669680,part2_N1000000_g2.5.dat,False,0
0.08,0.923295257,0.115,1000000,2.5,2000,5669680,part2_N1000000_g2.5.dat,False,0
0.05,1.13996179,0.0,10000,3.5,5000,30855,part2_N10000_g3.5.dat,False,0
0.053846,1.14741999,0.0,10000,3.5,5000,30855,part2_N10000_g3.5.dat,False,0
0.057692,1.15445242,0.0,10000,3.5,5000,30855,part2_N10000_g3.5.dat,False,0
0.061538,1.19409106,0.0,10000,3.5,5000,30855,part2_N10000_g3.5.dat,False,0
0.065385,1.22904655,0.0,10000,3.5,5000,30855,part2_N10000_g3.5.dat,False,0
0.069231,1.19779235,0.0,10000,3.5,5000,30855,part2_N10000_g3.5.dat,False,0
0.073077,1.28418746,0.0,10000,3.5,5000,30855,part2_N10000_g3.5.dat,False,0
0.076923,1.28356061,0.0,10000,3.5,5000,30855,part2_N10000_g3.5.dat,False,0
0.080769,1.28541637,0.0,10000,3.5,5000,30855,part2_N10000_g3.5.dat,False,0
0.084615,1.35546288,0.0,10000,3.5,5000,30855,part2_N10000_g3.5.dat,False,0
0.088462,1.42016321,0.0,10000,3.5,5000,30855,part2_N10000_g3.5.dat,False,0
0.092308,1.47383183,0.0,10000,3.5,5000,30855,part2_N10000_g3.5.dat,False,0
0.096154,1.54935039,0.0,10000,3.5,5000,30855,part2_N10000_g3.5.dat,False,0
0.1,1.55569908,0.0,10000,3.5,5000,30855,part2_N10000_g3.5.dat,False,0
0.103846,1.72065901,0.0,10000,3.5,5000,30855,part2_N10000_g3.5.dat,False,0
0.107692,1.87778407,0.0004,10000,3.5,5000,30855,part2_N10000_g3.5.dat,False,0
0.111538,1.95920962,0.0024,10000,3.5,5000,30855,part2_N10000_g3.5.dat,False,0
0.115385,1.82307055,0.0068,10000,3.5,5000,30855,part2_N10000_g3.5.dat,False,0
0.119231,1.72472848,0.0144,10000,3.5,5000,30855,part2_N10000_g3.5.dat,False,0
0.123077,1.59569423,0.0182,10000,3.5,5000,30855,part2_N10000_g3.5.dat,False,0
0.126923,1.63439921,0.0234,10000,3.5,5000,30855,part2_N10000_g3.5.dat,False,0
0.130769,1.48663118,0.0246,10000,3.5,5000,30855,part2_N10000_g3.5.dat,False,0
0.134615,1.58350016,0.0428,10000,3.5,5000,30855,part2_N10000_g3.5.dat,False,0
0.138462,1.49045373,0.0352,10000,3.5,5000,30855,part2_N10000_g3.5.dat,False,0
0.142308,1.51274222,0.0498,10000,3.5,5000,30855,part2_N10000_g3.5.dat,False,0
0.146154,1.53262339,0.0582,10000,3.5,5000,30855,part2_N10000_g3.5.dat,False,0
0.15,1.44045094,0.0576,10000,3.5,5000,30855,part2_N10000_g3.5.dat,False,0
0.153846,1.44867591,0.0672,10000,3.5,5000,30855,part2_N10000_g3.5.dat,False,0
0.157692,1.4415717,0.0774,10000,3.5,5000,30855,part2_N10000_g3.5.dat,False,0
0.161538,1.42262307,0.0772,10000,3.5,5000,30855,part2_N10000_g3.5.dat,False,0
0.165385,1.37721365,0.0928,10000,3.5,5000,30855,part2_N10000_g3.5.dat,False,0
0.169231,1.31922643,0.1086,10000,3.5,5000,30855,part2_N10000_g3.5.dat,False,0
0.173077,1.34259856,0.1062,10000,3.5,5000,30855,part2_N10000_g3.5.dat,False,0
0.176923,1.32823739,0.1188,10000,3.5,5000,30855,part2_N10000_g3.5.dat,False,0
0.180769,1.29406985,0.124,10000,3.5,5000,30855,part2_N10000_g3.5.dat,False,0
0.184615,1.32521278,0.1364,10000,3.5,5000,30855,part2_N10000_g3.5.dat,False,0
0.188462,1.24337335,0.1346,10000,3.5,5000,30855,part2_N10000_g3.5.dat,False,0
0.192308,1.27222827,0.1498,10000,3.5,5000,30855,part2_N10000_g3.5.dat,False,0
0.196154,1.27512325,0.1604,10000,3.5,5000,30855,part2_N10000_g3.5.dat,False,0
0.2,1.20191139,0.1606,10000,3.5,5000,30855,part2_N10000_g3.5.dat,False,0
0.05,1.13588716,0.0,30000,3.5,5000,93165,part2_N30000_g3.5.dat,False,0
0.053846,1.18758594,0.0,30000,3.5,5000,93165,part2_N30000_g3.5.dat,False,0
0.057692,1.21070114,0.0,30000,3.5,5000,93165,part2_N30000_g3.5.dat,False,0
0.061538,1.20339724,0.0,30000,3.5,5000,93165,part2_N30000_g3.5.dat,False,0
0.065385,1.23479549,0.0,30000,3.5,5000,93165,part2_N30000_g3.5.dat,False,0
0.069231,1.27098117,0.0,30000,3.5,5000,93165,part2_N30000_g3.5.dat,False,0
0.073077,1.28034193,0.0,30000,3.5,5000,93165,part2_N30000_g3.5.dat,False,0
0.076923,1.31257529,0.0,30000,3.5,5000,93165,part2_N30000_g3.5.dat,False,0
0.080769,1.39873794,0.0,30000,3.5,5000,93165,part2_N30000_g3.5.dat,False,0
0.084615,1.49698027,0.0,30000,3.5,5000,93165,part2_N30000_g3.5.dat,False,0
0.088462,1.5248065,0.0,30000,3.5,5000,93165,part2_N30000_g3.5.dat,False,0
0.092308,1.75094336,0.0002,30000,3.5,5000,93165,part2_N30000_g3.5.dat,False,0
0.096154,1.49395823,0.0034,30000,3.5,5000,93165,part2_N30000_g3.5.dat,False,0
0.1,1.5257913,0.0092,30000,3.5,5000,93165,part2_N30000_g3.5.dat,False,0
0.103846,1.4788353,0.0098,30000,3.5,5000,93165,part2_N30000_g3.5.dat,False,0
0.107692,1.45526036,0.0142,30000,3.5,5000,93165,part2_N30000_g3.5.dat,False,0
0.111538,1.47959618,0.0174,30000,3.5,5000,93165,part2_N30000_g3.5.dat,False,0
0.115385,1.4867486,0.0202,30000,3.5,5000,93165,part2_N30000_g3.5.dat,False,0
0.119231,1.45144679,0.0268,30000,3.5,5000,93165,part2_N30000_g3.5.dat,False,0
0.123077,1.40486885,0.037,30000,3.5,5000,93165,part2_N30000_g3.5.dat,False,0
0.126923,1.47216056,0.0374,30000,3.5,5000,93165,part2_N30000_g3.5.dat,False,0
0.130769,1.43703587,0.0392,30000,3.5,5000,93165,part2_N30000_g3.5.dat,False,0
0.134615,1.49138111,0.0458,30000,3.5,5000,93165,part2_N30000_g3.5.dat,False,0
0.138462,1.40258193,0.0542,30000,3.5,5000,93165,part2_N30000_g3.5.dat,False,0
0.142308,1.41680988,0.0606,30000,3.5,5000,93165,part2_N30000_g3.5.dat,False,0
0.146154,1.42436249,0.0682,30000,3.5,5000,93165,part2_N30000_g3.5.dat,False,0
0.15,1.40632461,0.0704,30000,3.5,5000,93165,part2_N30000_g3.5.dat,False,0
0.153846,1.38471371,0.0866,30000,3.5,5000,93165,part2_N30000_g3.5.dat,False,0
0.157692,1.32437215,0.0896,30000,3.5,5000,93165,part2_N30000_g3.5.dat,False,0
0.161538,1.35056149,0.1002,30000,3.5,5000,93165,part2_N30000_g3.5.dat,False,0
0.165385,1.30897148,0.1002,30000,3.5,5000,93165,part2_N30000_g3.5.dat,False,0
0.169231,1.34989079,0.1096,30000,3.5,5000,93165,part2_N30000_g3.5.dat,False,0
0.173077,1.28238572,0.1146,30000,3.5,5000,93165,part2_N30000_g3.5.dat,False,0
0.176923,1.29446924,0.1248,30000,3.5,5000,93165,part2_N30000_g3.5.dat,False,0
0.180769,1.23300757,0.1408,30000,3.5,5000,93165,part2_N30000_g3.5.dat,False,0
0.184615,1.28885032,0.1416,30000,3.5,5000,93165,part2_N30000_g3.5.dat,False,0
0.188462,1.22996374,0.1526,30000,3.5,5000,93165,part2_N30000_g3.5.dat,False,0
0.192308,1.18788661,0.1604,30000,3.5,5000,93165,part2_N30000_g3.5.dat,False,0
0.196154,1.24624351,0.1614,30000,3.5,5000,93165,part2_N30000_g3.5.dat,False,0
0.2,1.2149206,0.168,30000,3.5,5000,93165,part2_N30000_g3.5.dat,False,0
0.05,1.14042361,0.0,50000,3.5,5000,154598,part2_N50000_g3.5.dat,False,0
0.053846,1.20667673,0.0,50000,3.5,5000,154598,part2_N50000_g3.5.dat,False,0
0.057692,1.1985535,0.0,50000,3.5,5000,154598,part2_N50000_g3.5.dat,False,0
0.061538,1.174654,0.0,50000,3.5,5000,154598,part2_N50000_g3.5.dat,False,0
0.065385,1.21115079,0.0,50000,3.5,5000,154598,part2_N50000_g3.5.dat,False,0
0.069231,1.24229112,0.0,50000,3.5,5000,154598,part2_N50000_g3.5.dat,False,0
0.073077,1.31383556,0.0,50000,3.5,5000,154598,part2_N50000_g3.5.dat,False,0
0.076923,1.32483833,0.0,50000,3.5,5000,154598,part2_N50000_g3.5.dat,False,0
0.080769,1.3707302,0.0,50000,3.5,5000,154598,part2_N50000_g3.5.dat,False,0
0.084615,1.4330568,0.0,50000,3.5,5000,154598,part2_N50000_g3.5.dat,False,0
0.088462,1.48726551,0.0,50000,3.5,5000,154598,part2_N50000_g3.5.dat,False,0
0.092308,1.583224,0.0,50000,3.5,5000,154598,part2_N50000_g3.5.dat,False,0
0.096154,1.95771059,0.0004,50000,3.5,5000,154598,part2_N50000_g3.5.dat,False,0
0.1,1.69131471,0.0032,50000,3.5,5000,154598,part2_N50000_g3.5.dat,False,0
0.103846,1.52203656,0.0058,50000,3.5,5000,154598,part2_N50000_g3.5.dat,False,0
0.107692,1.5434999,0.0092,50000,3.5,5000,154598,part2_N50000_g3.5.dat,False,0
0.111538,1.57335687,0.0092,50000,3.5,5000,154598,part2_N50000_g3.5.dat,False,0
0.115385,1.55375971,0.0186,50000,3.5,5000,154598,part2_N50000_g3.5.dat,False,0
0.119231,1.51004937,0.0216,50000,3.5,5000,154598,part2_N50000_g3.5.dat,False,0
0.123077,1.55438136,0.0246,50000,3.5,5000,154598,part2_N50000_g3.5.dat,False,0
0.126923,1.48347734,0.0316,50000,3.5,5000,154598,part2_N50000_g3.5.dat,False,0
0.130769,1.53662294,0.0364,50000,3.5,5000,154598,part2_N50000_g3.5.dat,False,0
0.134615,1.46677488,0.047,50000,3.5,5000,154598,part2_N50000_g3.5.dat,False,0
0.138462,1.45808999,0.054,50000,3.5,5000,154598,part2_N50000_g3.5.dat,False,0
0.142308,1.43709221,0.059,50000,3.5,5000,154598,part2_N50000_g3.5.dat,False,0
0.146154,1.4414971,0.0612,50000,3.5,5000,154598,part2_N50000_g3.5.dat,False,0
0.15,1.42228812,0.0652,50000,3.5,5000,154598,part2_N50000_g3.5.dat,False,0
0.153846,1.41675269,0.0792,50000,3.5,5000,154598,part2_N50000_g3.5.dat,False,0
0.157692,1.35529294,0.0824,50000,3.5,5000,154598,part2_N50000_g3.5.dat,False,0
0.161538,1.36411808,0.0906,50000,3.5,5000,154598,part2_N50000_g3.5.dat,False,0
0.165385,1.39095263,0.1024,50000,3.5,5000,154598,part2_N50000_g3.5.dat,False,0
0.169231,1.31416811,0.1032,50000,3.5,5000,154598,part2_N50000_g3.5.dat,False,0
0.173077,1.32767473,0.1078,50000,3.5,5000,154598,part2_N50000_g3.5.dat,False,0
0.176923,1.26205342,0.1158,50000,3.5,5000,154598,part2_N50000_g3.5.dat,False,0
0.180769,1.33076717,0.1316,50000,3.5,5000,154598,part2_N50000_g3.5.dat,False,0
0.184615,1.26196113,0.137,50000,3.5,5000,154598,part2_N50000_g3.5.dat,False,0
0.188462,1.2468199,0.1412,50000,3.5,5000,154598,part2_N50000_g3.5.dat,False,0
0.192308,1.25447445,0.1494,50000,3.5,5000,154598,part2_N50000_g3.5.dat,False,0
0.196154,1.20970705,0.1604,50000,3.5,5000,154598,part2_N50000_g3.5.dat,False,0
0.2,1.19438374,0.1628,50000,3.5,5000,154598,part2_N50000_g3.5.dat,False,0
0.02,0.994747715,0.0,100000,3.5,2000,309818,part2_N100000_g3.5.dat,False,0
0.023333,1.05264829,0.0,100000,3.5,2000,309818,part2_N100000_g3.5.dat,False,0
0.026667,1.05402848,0.0,100000,3.5,2000,309818,part2_N100000_g3.5.dat,False,0
0.03,1.11252342,0.0,100000,3.5,2000,309818,part2_N100000_g3.5.dat,False,0
0.033333,1.0305172,0.0,100000,3.5,2000,309818,part2_N100000_g3.5.dat,False,0
0.036667,1.07685614,0.0,100000,3.5,2000,309818,part2_N100000_g3.5.dat,False,0
0.04,1.14424694,0.0,100000,3.5,2000,309818,part2_N100000_g3.5.dat,False,0
0.043333,1.15085135,0.0,100000,3.5,2000,309818,part2_N100000_g3.5.dat,False,0
0.046667,1.16791376,0.0,100000,3.5,2000,309818,part2_N100000_g3.5.dat,False,0
0.05,1.13701441,0.0,100000,3.5,2000,309818,part2_N100000_g3.5.dat,False,0
0.053333,1.1439861,0.0,100000,3.5,2000,309818,part2_N100000_g3.5.dat,False,0
0.056667,1.16536808,0.0,100000,3.5,2000,309818,part2_N100000_g3.5.dat,False,0
0.06,1.26498731,0.0,100000,3.5,2000,309818,part2_N100000_g3.5.dat,False,0
0.063333,1.2194013,0.0,100000,3.5,2000,309818,part2_N100000_g3.5.dat,False,0
0.066667,1.25044263,0.0,100000,3.5,2000,309818,part2_N100000_g3.5.dat,False,0
0.07,1.21684158,0.0,100000,3.5,2000,309818,part2_N100000_g3.5.dat,False,0
0.073333,1.40304947,0.0,100000,3.5,2000,309818,part2_N100000_g3.5.dat,False,0
0.076667,1.30301799,0.0,100000,3.5,2000,309818,part2_N100000_g3.5.dat,False,0
0.08,1.43872328,0.0,100000,3.5,2000,309818,part2_N100000_g3.5.dat,False,0
0.083333,1.77636197,0.0,100000,3.5,2000,309818,part2_N100000_g3.5.dat,False,0
0.086667,1.37153909,0.001,100000,3.5,2000,309818,part2_N100000_g3.5.dat,False,0
0.09,1.41996337,0.0035,100000,3.5,2000,309818,part2_N100000_g3.5.dat,False,0
0.093333,1.36900296,0.0055,100000,3.5,2000,309818,part2_N100000_g3.5.dat,False,0
0.096667,1.33296434,0.006,100000,3.5,2000,309818,part2_N100000_g3.5.dat,False,0
0.1,1.37358534,0.0065,100000,3.5,2000,309818,part2_N100000_g3.5.dat,False,0
0.05,1.16961964,0.0,300000,3.5,2000,931601,part2_N300000_g3.5.dat,False,0
0.05625,2.00985943,0.0,300000,3.5,2000,931601,part2_N300000_g3.5.dat,False,0
0.0625,1.24759695,0.0015,300000,3.5,2000,931601,part2_N300000_g3.5.dat,False,0
0.06875,1.27951801,0.001,300000,3.5,2000,931601,part2_N300000_g3.5.dat,False,0
0.075,1.26160916,0.001,300000,3.5,2000,931601,part2_N300000_g3.5.dat,False,0
0.08125,1.39644047,0.0015,300000,3.5,2000,931601,part2_N300000_g3.5.dat,False,0
0.0875,1.38064473,0.0045,300000,3.5,2000,931601,part2_N300000_g3.5.dat,False,0
0.09,1.37754625,0.005,300000,3.5,4000,932146,part2_N300000_g3.5_window.dat,True,1
0.0905,1.39411641,0.00375,300000,3.5,4000,932146,part2_N300000_g3.5_window.dat,True,1
0.091,1.47435439,0.004,300000,3.5,4000,932146,part2_N300000_g3.5_window.dat,True,1
0.0915,1.434188,0.00475,300000,3.5,4000,932146,part2_N300000_g3.5_window.dat,True,1
0.092,1.50942068,0.00275,300000,3.5,4000,932146,part2_N300000_g3.5_window.dat,True,1
0.0925,1.44335369,0.00425,300000,3.5,4000,932146,part2_N300000_g3.5_window.dat,True,1
0.093,1.47045518,0.004,300000,3.5,4000,932146,part2_N300000_g3.5_window.dat,True,1
0.0935,1.41814089,0.004,300000,3.5,4000,932146,part2_N300000_g3.5_window.dat,True,1
0.094,1.42988806,0.0045,300000,3.5,4000,932146,part2_N300000_g3.5_window.dat,True,1
0.0945,1.3789444,0.007,300000,3.5,4000,932146,part2_N300000_g3.5_window.dat,True,1
0.095,1.48577294,0.005,300000,3.5,4000,932146,part2_N300000_g3.5_window.dat,True,1
0.0955,1.44733043,0.0035,300000,3.5,4000,932146,part2_N300000_g3.5_window.dat,True,1
0.096,1.40992345,0.0055,300000,3.5,4000,932146,part2_N300000_g3.5_window.dat,True,1
0.0965,1.4234737,0.0045,300000,3.5,4000,932146,part2_N300000_g3.5_window.dat,True,1
0.097,1.42235073,0.00375,300000,3.5,4000,932146,part2_N300000_g3.5_window.dat,True,1
0.0975,1.47906715,0.0085,300000,3.5,4000,932146,part2_N300000_g3.5_window.dat,True,1
0.098,1.42381718,0.007,300000,3.5,4000,932146,part2_N300000_g3.5_window.dat,True,1
0.0985,1.40614792,0.00725,300000,3.5,4000,932146,part2_N300000_g3.5_window.dat,True,1
0.099,1.48237248,0.00575,300000,3.5,4000,932146,part2_N300000_g3.5_window.dat,True,1
0.0995,1.43794192,0.009,300000,3.5,4000,932146,part2_N300000_g3.5_window.dat,True,1
0.1,1.48394188,0.0055,300000,3.5,4000,932146,part2_N300000_g3.5_window.dat,True,1
0.1005,1.45970979,0.0075,300000,3.5,4000,932146,part2_N300000_g3.5_window.dat,True,1
0.101,1.4934844,0.00725,300000,3.5,4000,932146,part2_N300000_g3.5_window.dat,True,1
0.1015,1.46217937,0.0085,300000,3.5,4000,932146,part2_N300000_g3.5_window.dat,True,1
0.102,1.43244615,0.00675,300000,3.5,4000,932146,part2_N300000_g3.5_window.dat,True,1
0.1025,1.45120429,0.00975,300000,3.5,4000,932146,part2_N300000_g3.5_window.dat,True,1
0.103,1.56593335,0.00725,300000,3.5,4000,932146,part2_N300000_g3.5_window.dat,True,1
0.1035,1.44977927,0.00825,300000,3.5,4000,932146,part2_N300000_g3.5_window.dat,True,1
0.104,1.4326205,0.01075,300000,3.5,4000,932146,part2_N300000_g3.5_window.dat,True,1
0.1045,1.45549449,0.0115,300000,3.5,4000,932146,part2_N300000_g3.5_window.dat,True,1
0.105,1.49056867,0.01425,300000,3.5,4000,932146,part2_N300000_g3.5_window.dat,True,1
0.1055,1.48311437,0.01175,300000,3.5,4000,932146,part2_N300000_g3.5_window.dat,True,1
0.106,1.48063104,0.01425,300000,3.5,4000,932146,part2_N300000_g3.5_window.dat,True,1
0.1065,1.42726096,0.0145,300000,3.5,4000,932146,part2_N300000_g3.5_window.dat,True,1
0.107,1.4714448,0.016,300000,3.5,4000,932146,part2_N300000_g3.5_window.dat,True,1
0.1075,1.54612411,0.01575,300000,3.5,4000,932146,part2_N300000_g3.5_window.dat,True,1
0.108,1.45758844,0.01425,300000,3.5,4000,932146,part2_N300000_g3.5_window.dat,True,1
0.1085,1.41788557,0.014,300000,3.5,4000,932146,part2_N300000_g3.5_window.dat,True,1
0.109,1.45087351,0.01775,300000,3.5,4000,932146,part2_N300000_g3.5_window.dat,True,1
0.1095,1.54477669,0.01825,300000,3.5,4000,932146,part2_N300000_g3.5_window.dat,True,1
0.11,1.44787236,0.0155,300000,3.5,4000,932146,part2_N300000_g3.5_window.dat,True,1
0.1125,1.46628387,0.0155,300000,3.5,2000,931601,part2_N300000_g3.5.dat,False,0
0.11875,1.48387462,0.0275,300000,3.5,2000,931601,part2_N300000_g3.5.dat,False,0
0.125,1.48076317,0.035,300000,3.5,2000,931601,part2_N300000_g3.5.dat,False,0
0.13125,1.43371181,0.044,300000,3.5,2000,931601,part2_N300000_g3.5.dat,False,0
0.1375,1.40683668,0.0615,300000,3.5,2000,931601,part2_N300000_g3.5.dat,False,0
0.14375,1.46118003,0.0555,300000,3.5,2000,931601,part2_N300000_g3.5.dat,False,0
0.15,1.44552748,0.065,300000,3.5,2000,931601,part2_N300000_g3.5.dat,False,0
0.15625,1.33254659,0.0755,300000,3.5,2000,931601,part2_N300000_g3.5.dat,False,0
0.1625,1.32860437,0.098,300000,3.5,2000,931601,part2_N300000_g3.5.dat,False,0
0.16875,1.28459003,0.0945,300000,3.5,2000,931601,part2_N300000_g3.5.dat,False,0
0.175,1.32230243,0.1175,300000,3.5,2000,931601,part2_N300000_g3.5.dat,False,0
0.18125,1.21857554,0.128,300000,3.5,2000,931601,part2_N300000_g3.5.dat,False,0
0.1875,1.22806156,0.15,300000,3.5,2000,931601,part2_N300000_g3.5.dat,False,0
0.19375,1.24572408,0.171,300000,3.5,2000,931601,part2_N300000_g3.5.dat,False,0
0.2,1.15004901,0.178,300000,3.5,2000,931601,part2_N300000_g3.5.dat,False,0
0.05,1.15085459,0.0,500000,3.5,2000,1550236,part2_N500000_g3.5.dat,False,0
0.05625,1.21924616,0.0,500000,3.5,2000,1550236,part2_N500000_g3.5.dat,False,0
0.0625,1.26123641,0.0,500000,3.5,2000,1550236,part2_N500000_g3.5.dat,False,0
0.06875,1.24863979,0.0,500000,3.5,2000,1550236,part2_N500000_g3.5.dat,False,0
0.075,1.36783287,0.0,500000,3.5,2000,1550236,part2_N500000_g3.5.dat,False,0
0.08125,1.5228878,0.0,500000,3.5,2000,1550236,part2_N500000_g3.5.dat,False,0
0.0875,1.5152902,0.002,500000,3.5,2000,1550236,part2_N500000_g3.5.dat,False,0
0.09,1.45369366,0.002,500000,3.5,4000,1553916,part2_N500000_g3.5_window.dat,True,1
0.0905,1.50030869,0.00175,500000,3.5,4000,1553916,part2_N500000_g3.5_window.dat,True,1
0.091,1.43180566,0.002,500000,3.5,4000,1553916,part2_N500000_g3.5_window.dat,True,1
0.0915,1.41317923,0.004,500000,3.5,4000,1553916,part2_N500000_g3.5_window.dat,True,1
0.092,1.49334544,0.003,500000,3.5,4000,1553916,part2_N500000_g3.5_window.dat,True,1
0.0925,1.44887446,0.003,500000,3.5,4000,1553916,part2_N500000_g3.5_window.dat,True,1
0.093,1.39805438,0.0035,500000,3.5,4000,1553916,part2_N500000_g3.5_window.dat,True,1
0.0935,1.45374253,0.00375,500000,3.5,4000,1553916,part2_N500000_g3.5_window.dat,True,1
0.094,1.36974473,0.0025,500000,3.5,4000,1553916,part2_N500000_g3.5_window.dat,True,1
0.0945,1.46280934,0.0045,500000,3.5,4000,1553916,part2_N500000_g3.5_window.dat,True,1
0.095,1.38694102,0.00625,500000,3.5,4000,1553916,part2_N500000_g3.5_window.dat,True,1
0.0955,1.4732533,0.006,500000,3.5,4000,1553916,part2_N500000_g3.5_window.dat,True,1
0.096,1.41699444,0.008,500000,3.5,4000,1553916,part2_N500000_g3.5_window.dat,True,1
0.0965,1.45990532,0.00525,500000,3.5,4000,1553916,part2_N500000_g3.5_window.dat,True,1
0.097,1.37488471,0.0075,500000,3.5,4000,1553916,part2_N500000_g3.5_window.dat,True,1
0.0975,1.48073753,0.0065,500000,3.5,4000,1553916,part2_N500000_g3.5_window.dat,True,1
0.098,1.48897839,0.00675,500000,3.5,4000,1553916,part2_N500000_g3.5_window.dat,True,1
0.0985,1.43263989,0.00675,500000,3.5,4000,1553916,part2_N500000_g3.5_window.dat,True,1
0.099,1.53790493,0.00475,500000,3.5,4000,1553916,part2_N500000_g3.5_window.dat,True,1
0.0995,1.56236981,0.01,500000,3.5,4000,1553916,part2_N500000_g3.5_window.dat,True,1
0.1,1.47977522,0.00825,500000,3.5,4000,1553916,part2_N500000_g3.5_window.dat,True,1
0.1005,1.38925821,0.00725,500000,3.5,4000,1553916,part2_N500000_g3.5_window.dat,True,1
0.101,1.51875035,0.0075,500000,3.5,4000,1553916,part2_N500000_g3.5_window.dat,True,1
0.1015,1.42418124,0.0095,500000,3.5,4000,1553916,part2_N500000_g3.5_window.dat,True,1
0.102,1.4483777,0.00475,500000,3.5,4000,1553916,part2_N500000_g3.5_window.dat,True,1
0.1025,1.4220202,0.01,500000,3.5,4000,1553916,part2_N500000_g3.5_window.dat,True,1
0.103,1.44897978,0.00675,500000,3.5,4000,1553916,part2_N500000_g3.5_window.dat,True,1
0.1035,1.45896583,0.0095,500000,3.5,4000,1553916,part2_N500000_g3.5_window.dat,True,1
0.104,1.4192949,0.0105,500000,3.5,4000,1553916,part2_N500000_g3.5_window.dat,True,1
0.1045,1.47653419,0.012,500000,3.5,4000,1553916,part2_N500000_g3.5_window.dat,True,1
0.105,1.43906074,0.01225,500000,3.5,4000,1553916,part2_N500000_g3.5_window.dat,True,1
0.1055,1.54375089,0.01025,500000,3.5,4000,1553916,part2_N500000_g3.5_window.dat,True,1
0.106,1.50309606,0.01525,500000,3.5,4000,1553916,part2_N500000_g3.5_window.dat,True,1
0.1065,1.51373541,0.0145,500000,3.5,4000,1553916,part2_N500000_g3.5_window.dat,True,1
0.107,1.51083104,0.01075,500000,3.5,4000,1553916,part2_N500000_g3.5_window.dat,True,1
0.1075,1.49727949,0.014,500000,3.5,4000,1553916,part2_N500000_g3.5_window.dat,True,1
0.108,1.51542959,0.01475,500000,3.5,4000,1553916,part2_N500000_g3.5_window.dat,True,1
0.1085,1.50190052,0.01525,500000,3.5,4000,1553916,part2_N500000_g3.5_window.dat,True,1
0.109,1.53680166,0.01225,500000,3.5,4000,1553916,part2_N500000_g3.5_window.dat,True,1
0.1095,1.51788513,0.01625,500000,3.5,4000,1553916,part2_N500000_g3.5_window.dat,True,1
0.11,1.4442009,0.01425,500000,3.5,4000,1553916,part2_N500000_g3.5_window.dat,True,1
0.1125,1.53625815,0.0135,500000,3.5,2000,1550236,part2_N500000_g3.5.dat,False,0
0.11875,1.45197635,0.022,500000,3.5,2000,1550236,part2_N500000_g3.5.dat,False,0
0.125,1.43411187,0.0315,500000,3.5,2000,1550236,part2_N500000_g3.5.dat,False,0
0.13125,1.44503642,0.039,500000,3.5,2000,1550236,part2_N500000_g3.5.dat,False,0
0.1375,1.42483892,0.055,500000,3.5,2000,1550236,part2_N500000_g3.5.dat,False,0
0.14375,1.41204941,0.0645,500000,3.5,2000,1550236,part2_N500000_g3.5.dat,False,0
0.15,1.35808581,0.0765,500000,3.5,2000,1550236,part2_N500000_g3.5.dat,False,0
0.15625,1.35454256,0.079,500000,3.5,2000,1550236,part2_N500000_g3.5.dat,False,0
0.1625,1.39999705,0.1085,500000,3.5,2000,1550236,part2_N500000_g3.5.dat,False,0
0.16875,1.35358843,0.111,500000,3.5,2000,1550236,part2_N500000_g3.5.dat,False,0
0.175,1.32506797,0.127,500000,3.5,2000,1550236,part2_N500000_g3.5.dat,False,0
0.18125,1.26069666,0.133,500000,3.5,2000,1550236,part2_N500000_g3.5.dat,False,0
0.1875,1.26536316,0.1545,500000,3.5,2000,1550236,part2_N500000_g3.5.dat,False,0
0.19375,1.26678701,0.148,500000,3.5,2000,1550236,part2_N500000_g3.5.dat,False,0
0.2,1.24544325,0.1515,500000,3.5,2000,1550236,part2_N500000_g3.5.dat,False,0
0.05,1.10412317,0.0,1000000,3.5,2000,3110975,part2_N1000000_g3.5.dat,False,0
0.05625,1.2031803,0.0,1000000,3.5,2000,3110975,part2_N1000000_g3.5.dat,False,0
0.0625,3.40360307,0.0,1000000,3.5,2000,3110975,part2_N1000000_g3.5.dat,False,0
0.06875,1.2366168,0.0,1000000,3.5,2000,3110975,part2_N1000000_g3.5.dat,False,0
0.075,1.28929878,0.0005,1000000,3.5,2000,3110975,part2_N1000000_g3.5.dat,False,0
0.08125,1.35933956,0.0,1000000,3.5,2000,3110975,part2_N1000000_g3.5.dat,False,0
0.0875,1.39587153,0.002,1000000,3.5,2000,3110975,part2_N1000000_g3.5.dat,False,0
0.09,1.43771631,0.0035,1000000,3.5,4000,3111596,part2_N1000000_g3.5_window.dat,True,1
0.0905,1.41801296,0.00225,1000000,3.5,4000,3111596,part2_N1000000_g3.5_window.dat,True,1
0.091,1.40340048,0.0035,1000000,3.5,4000,3111596,part2_N1000000_g3.5_window.dat,True,1
0.0915,1.41717487,0.0035,1000000,3.5,4000,3111596,part2_N1000000_g3.5_window.dat,True,1
0.092,1.43924491,0.00375,1000000,3.5,4000,3111596,part2_N1000000_g3.5_window.dat,True,1
0.0925,1.40851853,0.0045,1000000,3.5,4000,3111596,part2_N1000000_g3.5_window.dat,True,1
0.093,1.48034571,0.003,1000000,3.5,4000,3111596,part2_N1000000_g3.5_window.dat,True,1
0.0935,1.43791007,0.00325,1000000,3.5,4000,3111596,part2_N1000000_g3.5_window.dat,True,1
0.094,1.44837667,0.00525,1000000,3.5,4000,3111596,part2_N1000000_g3.5_window.dat,True,1
0.0945,1.4179753,0.006,1000000,3.5,4000,3111596,part2_N1000000_g3.5_window.dat,True,1
0.095,1.47163634,0.00725,1000000,3.5,4000,3111596,part2_N1000000_g3.5_window.dat,True,1
0.0955,1.41849175,0.0055,1000000,3.5,4000,3111596,part2_N1000000_g3.5_window.dat,True,1
0.096,1.47614081,0.0065,1000000,3.5,4000,3111596,part2_N1000000_g3.5_window.dat,True,1
0.0965,1.52082208,0.00775,1000000,3.5,4000,3111596,part2_N1000000_g3.5_window.dat,True,1
0.097,1.44384569,0.008,1000000,3.5,4000,3111596,part2_N1000000_g3.5_window.dat,True,1
0.0975,1.42224269,0.00825,1000000,3.5,4000,3111596,part2_N1000000_g3.5_window.dat,True,1
0.098,1.44073729,0.00825,1000000,3.5,4000,3111596,part2_N1000000_g3.5_window.dat,True,1
0.0985,1.51159646,0.0095,1000000,3.5,4000,3111596,part2_N1000000_g3.5_window.dat,True,1
0.099,1.49476695,0.00825,1000000,3.5,4000,3111596,part2_N1000000_g3.5_window.dat,True,1
0.0995,1.53090559,0.0065,1000000,3.5,4000,3111596,part2_N1000000_g3.5_window.dat,True,1
0.1,1.45102703,0.00825,1000000,3.5,4000,3111596,part2_N1000000_g3.5_window.dat,True,1
0.1005,1.43377264,0.00875,1000000,3.5,4000,3111596,part2_N1000000_g3.5_window.dat,True,1
0.101,1.46595046,0.0085,1000000,3.5,4000,3111596,part2_N1000000_g3.5_window.dat,True,1
0.1015,1.48226744,0.00875,1000000,3.5,4000,3111596,part2_N1000000_g3.5_window.dat,True,1
0.102,1.45966627,0.01175,1000000,3.5,4000,3111596,part2_N1000000_g3.5_window.dat,True,1
0.1025,1.47265238,0.01275,1000000,3.5,4000,3111596,part2_N1000000_g3.5_window.dat,True,1
0.103,1.42697673,0.0065,1000000,3.5,4000,3111596,part2_N1000000_g3.5_window.dat,True,1
0.1035,1.48973436,0.00875,1000000,3.5,4000,3111596,part2_N1000000_g3.5_window.dat,True,1
0.104,1.43080795,0.01275,1000000,3.5,4000,3111596,part2_N1000000_g3.5_window.dat,True,1
0.1045,1.45210955,0.0145,1000000,3.5,4000,3111596,part2_N1000000_g3.5_window.dat,True,1
0.105,1.55388776,0.012,1000000,3.5,4000,3111596,part2_N1000000_g3.5_window.dat,True,1
0.1055,1.48440046,0.013,1000000,3.5,4000,3111596,part2_N1000000_g3.5_window.dat,True,1
0.106,1.51686688,0.011,1000000,3.5,4000,3111596,part2_N1000000_g3.5_window.dat,True,1
0.1065,1.50854723,0.00925,1000000,3.5,4000,3111596,part2_N1000000_g3.5_window.dat,True,1
0.107,1.44994579,0.01625,1000000,3.5,4000,3111596,part2_N1000000_g3.5_window.dat,True,1
0.1075,1.49142557,0.01075,1000000,3.5,4000,3111596,part2_N1000000_g3.5_window.dat,True,1
0.108,1.53860556,0.015,1000000,3.5,4000,3111596,part2_N1000000_g3.5_window.dat,True,1
0.1085,1.48040408,0.01575,1000000,3.5,4000,3111596,part2_N1000000_g3.5_window.dat,True,1
0.109,1.4919448,0.01725,1000000,3.5,4000,3111596,part2_N1000000_g3.5_window.dat,True,1
0.1095,1.50125959,0.01375,1000000,3.5,4000,3111596,part2_N1000000_g3.5_window.dat,True,1
0.11,1.43996463,0.015,1000000,3.5,4000,3111596,part2_N1000000_g3.5_window.dat,True,1
0.1125,1.40977962,0.0175,1000000,3.5,2000,3110975,part2_N1000000_g3.5.dat,False,0
0.11875,1.44900546,0.0215,1000000,3.5,2000,3110975,part2_N1000000_g3.5.dat,False,0
0.125,1.49649172,0.031,1000000,3.5,2000,3110975,part2_N1000000_g3.5.dat,False,0
0.13125,1.4032769,0.0355,1000000,3.5,2000,3110975,part2_N1000000_g3.5.dat,False,0
0.1375,1.43717834,0.0495,1000000,3.5,2000,3110975,part2_N1000000_g3.5.dat,False,0
0.14375,1.43402001,0.059,1000000,3.5,2000,3110975,part2_N1000000_g3.5.dat,False,0
0.15,1.31915028,0.0625,1000000,3.5,2000,3110975,part2_N1000000_g3.5.dat,False,0
0.15625,1.33927742,0.0905,1000000,3.5,2000,3110975,part2_N1000000_g3.5.dat,False,0
0.1625,1.35596373,0.105,1000000,3.5,2000,3110975,part2_N1000000_g3.5.dat,False,0
0.16875,1.31982974,0.11,1000000,3.5,2000,3110975,part2_N1000000_g3.5.dat,False,0
0.175,1.35105363,0.121,1000000,3.5,2000,3110975,part2_N1000000_g3.5.dat,False,0
0.18125,1.28823672,0.1255,1000000,3.5,2000,3110975,part2_N1000000_g3.5.dat,False,0
0.1875,1.31347211,0.1615,1000000,3.5,2000,3110975,part2_N1000000_g3.5.dat,False,0
0.19375,1.21615528,0.1465,1000000,3.5,2000,3110975,part2_N1000000_g3.5.dat,False,0
0.2,1.17413406,0.171,1000000,3.5,2000,3110975,part2_N1000000_g3.5.dat,False,0
