node,degree
0,1
1,10
2,7
3,18
4,1
5,1
6,20
7,8
8,1
9,8
10,1
11,5
12,2
13,29
14,4
15,5
16,34
17,7
18,24
19,4
20,6
21,2
22,1
23,5
24,1
25,1
26,1
27,7
28,3
29,8
30,8
31,3
32,13
33,24
34,5
35,10
36,1
37,1
38,7
39,2
40,4
41,7
42,3
43,2
44,7
45,10
46,2
47,21
48,3
49,12
50,1
51,1
52,2
53,3
54,28
55,3
56,6
57,1
58,10
59,5
60,2
61,2
62,1
63,4
64,2
65,2
66,1
67,6
68,10
69,1
70,9
71,3
72,1
73,14
74,1
75,13
76,1
77,2
78,14
79,2
80,6
81,10
82,3
83,1
84,1
85,9
86,1
87,1
88,1
89,1
90,1
91,3
92,3
93,1
94,2
95,17
96,1
97,10
98,12
99,1
100,1
101,10
102,10
103,13
104,29
105,2
106,20
107,5
108,6
109,4
110,89
111,3
112,45
113,44
114,4
115,1
116,6
117,3
118,1
119,5
120,8
121,8
122,17
123,5
124,3
125,2
126,6
127,1
128,1
129,1
130,5
131,26
132,1
133,12
134,1
135,11
136,29
137,1
138,5
139,12
140,14
141,5
142,3
143,2
144,4
145,3
146,3
147,3
148,3
149,26
150,1
151,8
152,3
153,3
154,1
155,4
156,1
157,1
158,4
159,10
160,2
161,13
162,1
163,1
164,5
165,1
166,19
167,20
168,4
169,6
170,1
171,6
172,1
173,1
174,7
175,10
176,1
177,7
178,15
179,10
180,1
181,4
182,1
183,10
184,23
185,3
186,3
187,37
188,4
189,1
190,4
191,2
192,7
193,1
194,2
195,2
196,1
197,5
198,2
199,2
200,1
201,3
202,2
203,4
204,9
205,1
206,2
207,1
208,4
209,16
210,1
211,8
212,51
213,47
214,2
215,1
216,25
217,6
218,4
219,6
220,1
221,39
222,5
223,9
224,1
225,4
226,22
227,2
228,22
229,3
230,4
231,2
232,17
233,3
234,4
235,2
236,1
237,1
238,4
239,3
240,5
241,6
242,1
243,10
244,33
245,1
246,3
247,1
248,1
249,2
250,2
251,4
252,16
253,9
254,2
255,7
256,1
257,16
258,2
259,5
260,17
261,1
262,1
263,1
264,2
265,1
266,10
267,2
268,4
269,1
270,1
271,17
272,4
273,3
274,1
275,4
276,1
277,5
278,2
279,2
280,7
281,2
282,6
283,14
284,2
285,22
286,5
287,8
288,1
289,8
290,104
291,16
292,1
293,1
294,3
295,3
296,39
297,3
298,1
299,20
300,2
301,3
302,8
303,2
304,1
305,2
306,22
307,11
308,3
309,2
310,1
311,3
312,9
313,19
314,8
315,5
316,3
317,1
318,2
319,5
320,2
321,5
322,4
323,4
324,4
325,4
326,8
327,1
328,2
329,7
330,1
331,1
332,1
333,2
334,1
335,25
336,4
337,4
338,2
339,1
340,2
341,11
342,8
343,10
344,5
345,3
346,13
347,3
348,2
349,16
350,2
351,2
352,1
353,1
354,1
355,2
356,1
357,1
358,15
359,1
360,16
361,6
362,1
363,3
364,10
365,1
366,3
367,12
368,13
369,7
370,9
371,2
372,2
373,2
374,16
375,9
376,8
377,1
378,69
379,3
380,28
381,24
382,2
383,4
384,1
385,8
386,1
387,3
388,1
389,4
390,2
391,2
392,4
393,5
394,2
395,2
396,4
397,8
398,8
399,5
400,9
401,1
402,5
403,1
404,1
405,2
406,54
407,11
408,2
409,15
410,11
411,2
412,2
413,3
414,5
415,5
416,3
417,2
418,25
419,1
420,6
421,20
422,10
423,1
424,3
425,1
426,15
427,37
428,1
429,19
430,1
431,2
432,2
433,16
434,2
435,2
436,4
437,2
438,12
439,3
440,18
441,4
442,6
443,5
444,5
445,2
446,8
447,2
448,8
449,2
450,1
451,5
452,12
453,3
454,6
455,1
456,1
457,1
458,2
459,1
460,2
461,8
462,10
463,3
464,14
465,6
466,1
467,2
468,10
469,18
470,1
471,30
472,3
473,46
474,20
475,2
476,2
477,3
478,5
479,4
480,4
481,1
482,7
483,3
484,29
485,4
486,8
487,11
488,23
489,1
490,5
491,1
492,7
493,1
494,4
495,1
496,9
497,1
498,9
499,2
500,8
501,4
502,20
503,9
504,13
505,8
506,2
507,1
508,10
509,1
510,1
511,1
512,2
513,5
514,8
515,6
516,1
517,10
518,7
519,9
520,20
521,22
522,8
523,1
524,172
525,4
526,1
527,6
528,1
529,1
530,2
531,2
532,2
533,1
534,3
535,3
536,2
537,4
538,29
539,10
540,11
541,9
542,3
543,36
544,2
545,1
546,3
547,4
548,1
549,2
550,44
551,1
552,2
553,9
554,1
555,3
556,1
557,4
558,5
559,4
560,3
561,1
562,5
563,7
564,1
565,1
566,17
567,5
568,1
569,2
570,3
571,10
572,3
573,5
574,3
575,4
576,3
577,1
578,1
579,1
580,1
581,1
582,13
583,3
584,4
585,5
586,1
587,1
588,1
589,1
590,3
591,7
592,1
593,2
594,16
595,3
596,3
597,1
598,11
599,13
600,15
601,5
602,14
603,5
604,1
605,2
606,3
607,13
608,2
609,7
610,1
611,10
612,25
613,4
614,5
615,11
616,1
617,5
618,7
619,9
620,1
621,2
622,2
623,7
624,1
625,3
626,1
627,2
628,6
629,2
630,22
631,2
632,5
633,9
634,10
635,6
636,2
637,4
638,3
639,4
640,21
641,14
642,5
643,8
644,2
645,60
646,6
647,27
648,2
649,3
650,5
651,7
652,7
653,1
654,7
655,2
656,1
657,1
658,1
659,9
660,8
661,16
662,4
663,1
664,3
665,1
666,6
667,35
668,6
669,1
670,6
671,14
672,2
673,5
674,16
675,2
676,1
677,1
678,1
679,4
680,1
681,2
682,9
683,11
684,4
685,8
686,8
687,3
688,6
689,2
690,2
691,6
692,2
693,1
694,8
695,1
696,1
697,2
698,1
699,1
700,3
701,1
702,5
703,2
704,8
705,12
706,19
707,2
708,14
709,8
710,9
711,17
712,2
713,5
714,1
715,8
716,1
717,1
718,23
719,6
720,5
721,7
722,1
723,7
724,3
725,8
726,4
727,2
728,8
729,13
730,4
731,1
732,3
733,7
734,1
735,2
736,12
737,2
738,6
739,13
740,2
741,4
742,4
743,31
744,5
745,1
746,5
747,8
748,5
749,1
750,11
751,4
752,1
753,1
754,1
755,2
756,1
757,10
758,16
759,5
760,4
761,1
762,1
763,87
764,3
765,13
766,32
767,1
768,1
769,4
770,1
771,15
772,4
773,1
774,2
775,3
776,4
777,5
778,13
779,5
780,4
781,2
782,1
783,1
784,1
785,5
786,4
787,2
788,4
789,1
790,1
791,1
792,8
793,14
794,4
795,2
796,1
797,1
798,25
799,14
800,1
801,2
802,2
803,5
804,2
805,11
806,15
807,3
808,2
809,4
810,11
811,2
812,1
813,9
814,1
815,4
816,5
817,20
818,1
819,2
820,2
821,12
822,2
823,2
824,2
825,1
826,1
827,20
828,15
829,3
830,9
831,3
832,5
833,4
834,1
835,3
836,1
837,3
838,4
839,8
840,14
841,1
842,15
843,17
844,2
845,5
846,13
847,10
848,6
849,3
850,1
851,6
852,4
853,1
854,22
855,2
856,1
857,2
858,15
859,2
860,11
861,1
862,3
863,3
864,3
865,8
866,31
867,10
868,2
869,2
870,8
871,1
872,1
873,6
874,5
875,4
876,9
877,2
878,1
879,18
880,2
881,8
882,4
883,3
884,6
885,6
886,3
887,27
888,8
889,8
890,2
891,16
892,1
893,1
894,27
895,6
896,1
897,9
898,12
899,4
900,10
901,2
902,3
903,9
904,19
905,2
906,1
907,26
908,4
909,2
910,1
911,2
912,2
913,2
914,2
915,1
916,8
917,2
918,7
919,16
920,7
921,1
922,3
923,3
924,12
925,11
926,8
927,1
928,8
929,8
930,14
931,1
932,10
933,37
934,2
935,5
936,24
937,2
938,5
939,1
940,1
941,2
942,5
943,1
944,6
945,7
946,1
947,1
948,1
949,1
950,8
951,63
952,2
953,9
954,3
955,16
956,4
957,1
958,30
959,3
960,11
961,15
962,2
963,1
964,1
965,2
966,3
967,1
968,6
969,1
970,9
971,1
972,14
973,6
974,3
975,1
976,7
977,3
978,2
979,1
980,12
981,2
982,20
983,14
984,6
985,19
986,2
987,1
988,8
989,15
990,2
991,1
992,1
993,1
994,7
995,1
996,3
997,10
998,33
999,11
1000,3
1001,18
1002,3
1003,2
1004,3
1005,84
1006,8
1007,6
1008,27
1009,12
1010,6
1011,10
1012,11
1013,1
1014,7
1015,12
1016,13
1017,27
1018,3
1019,5
1020,15
1021,1
1022,1
1023,2
1024,1
1025,20
1026,4
1027,5
1028,3
1029,3
1030,1
1031,7
1032,3
1033,1
1034,2
1035,3
1036,1
1037,1
1038,1
1039,17
1040,4
1041,10
1042,1
1043,10
1044,1
1045,1
1046,4
1047,6
1048,1
1049,3
1050,9
1051,6
1052,1
1053,2
1054,10
1055,10
1056,13
1057,36
1058,2
1059,3
1060,3
1061,1
1062,2
1063,2
1064,4
1065,12
1066,4
1067,2
1068,12
1069,1
1070,1
1071,1
1072,2
1073,1
1074,14
1075,2
1076,2
1077,7
1078,3
1079,1
1080,3
1081,1
1082,1
1083,7
1084,5
1085,1
1086,1
1087,3
1088,4
1089,6
1090,4
1091,1
1092,3
1093,6
1094,2
1095,2
1096,1
1097,1
1098,7
1099,2
1100,1
1101,1
1102,18
1103,7
1104,1
1105,2
1106,2
1107,39
1108,5
1109,4
1110,2
1111,2
1112,1
1113,8
1114,6
1115,4
1116,1
1117,10
1118,8
1119,14
1120,2
1121,4
1122,1
1123,2
1124,1
1125,3
1126,6
1127,7
1128,6
1129,16
1130,10
1131,7
1132,21
1133,9
1134,2
1135,7
1136,3
1137,27
1138,1
1139,1
1140,8
1141,9
1142,2
1143,1
1144,1
1145,1
1146,10
1147,7
1148,2
1149,30
1150,41
1151,1
1152,3
1153,2
1154,4
1155,4
1156,2
1157,5
1158,10
1159,4
1160,1
1161,7
1162,1
1163,2
1164,11
1165,6
1166,18
1167,2
1168,8
1169,1
1170,5
1171,2
1172,1
1173,2
1174,9
1175,3
1176,3
1177,1
1178,4
1179,7
1180,26
1181,1
1182,1
1183,4
1184,1
1185,6
1186,3
1187,4
1188,1
1189,8
1190,4
1191,1
1192,2
1193,6
1194,1
1195,1
1196,1
1197,2
1198,4
1199,2
1200,6
1201,3
1202,4
1203,12
1204,1
1205,3
1206,1
1207,21
1208,2
1209,5
1210,3
1211,2
1212,3
1213,6
1214,4
1215,1
1216,13
1217,1
1218,2
1219,12
1220,2
1221,11
1222,15
1223,33
1224,5
1225,4
1226,13
1227,2
1228,11
1229,5
1230,25
1231,5
1232,10
1233,17
1234,8
1235,1
1236,11
1237,3
1238,3
1239,6
1240,4
1241,1
1242,1
1243,3
1244,2
1245,1
1246,6
1247,1
1248,2
1249,4
1250,25
1251,2
1252,2
1253,6
1254,6
1255,7
1256,1
1257,1
1258,11
1259,2
1260,8
1261,2
1262,21
1263,4
1264,15
1265,11
1266,1
1267,3
1268,5
1269,1
1270,2
1271,42
1272,4
1273,1
1274,6
1275,21
1276,1
1277,3
1278,3
1279,2
1280,27
1281,24
1282,3
1283,1
1284,11
1285,7
1286,1
1287,7
1288,3
1289,4
1290,2
1291,11
1292,10
1293,21
1294,1
1295,1
1296,7
1297,13
1298,1
1299,1
1300,35
1301,2
1302,1
1303,4
1304,17
1305,22
1306,5
1307,2
1308,1
1309,1
1310,15
1311,1
1312,39
1313,1
1314,5
1315,5
1316,36
1317,7
1318,1
1319,8
1320,14
1321,6
1322,1
1323,1
1324,1
1325,12
1326,9
1327,16
1328,19
1329,7
1330,1
1331,1
1332,3
1333,1
1334,71
1335,3
1336,1
1337,5
1338,8
1339,4
1340,6
1341,5
1342,1
1343,1
1344,3
1345,10
1346,11
1347,3
1348,51
1349,55
1350,12
1351,7
1352,3
1353,4
1354,5
1355,9
1356,1
1357,2
1358,1
1359,3
1360,2
1361,2
1362,3
1363,1
1364,2
1365,1
1366,1
1367,8
1368,1
1369,1
1370,3
1371,1
1372,13
1373,4
1374,2
1375,1
1376,57
1377,2
1378,1
1379,3
1380,8
1381,75
1382,3
1383,6
1384,53
1385,2
1386,5
1387,1
1388,9
1389,8
1390,2
1391,13
1392,1
1393,8
1394,6
1395,1
1396,14
1397,3
1398,2
1399,4
1400,2
1401,11
1402,14
1403,2
1404,4
1405,3
1406,7
1407,10
1408,3
1409,10
1410,5
1411,1
1412,1
1413,11
1414,3
1415,3
1416,2
1417,4
1418,2
1419,1
1420,3
1421,6
1422,1
1423,3
1424,9
1425,6
1426,6
1427,4
1428,1
1429,4
1430,5
1431,1
1432,2
1433,1
1434,15
1435,1
1436,5
1437,2
1438,1
1439,9
1440,1
1441,3
1442,5
1443,2
1444,24
1445,2
1446,6
1447,35
1448,4
1449,2
1450,7
1451,2
1452,5
1453,2
1454,3
1455,9
1456,2
1457,10
1458,2
1459,2
1460,1
1461,1
1462,20
1463,1
1464,44
1465,3
1466,4
1467,10
1468,12
1469,4
1470,4
1471,24
1472,1
1473,1
1474,16
1475,1
1476,3
1477,2
1478,1
1479,2
1480,2
1481,9
1482,1
1483,1
1484,2
1485,2
1486,16
1487,1
1488,18
1489,1
1490,1
1491,4
1492,8
1493,1
1494,4
1495,7
1496,17
1497,30
1498,6
1499,4
1500,6
1501,3
1502,2
1503,4
1504,2
1505,1
1506,34
1507,3
1508,7
1509,54
1510,4
1511,3
1512,5
1513,1
1514,1
1515,1
1516,2
1517,1
1518,1
1519,14
1520,7
1521,12
1522,6
1523,2
1524,12
1525,2
1526,2
1527,4
1528,4
1529,3
1530,2
1531,13
1532,3
1533,14
1534,10
1535,4
1536,16
1537,2
1538,9
1539,5
1540,1
1541,1
1542,4
1543,8
1544,10
1545,2
1546,18
1547,6
1548,3
1549,2
1550,1
1551,10
1552,1
1553,17
1554,5
1555,56
1556,2
1557,4
1558,16
1559,27
1560,32
1561,1
1562,5
1563,10
1564,2
1565,5
1566,1
1567,6
1568,4
1569,4
1570,6
1571,12
1572,1
1573,1
1574,6
1575,2
1576,8
1577,3
1578,1
1579,1
1580,3
1581,1
1582,3
1583,4
1584,10
1585,4
1586,1
1587,5
1588,1
1589,2
1590,2
1591,1
1592,5
1593,1
1594,9
1595,5
1596,1
1597,1
1598,7
1599,15
1600,8
1601,4
1602,8
1603,5
1604,3
1605,1
1606,16
1607,2
1608,6
1609,2
1610,32
1611,13
1612,2
1613,14
1614,8
1615,5
1616,4
1617,1
1618,24
1619,1
1620,1
1621,3
1622,13
1623,1
1624,15
1625,3
1626,23
1627,10
1628,7
1629,7
1630,3
1631,2
1632,15
1633,17
1634,3
1635,7
1636,15
1637,6
1638,4
1639,17
1640,2
1641,4
1642,35
1643,6
1644,3
1645,23
1646,4
1647,8
1648,2
1649,3
1650,22
1651,13
1652,3
1653,3
1654,2
1655,2
1656,1
1657,14
1658,36
1659,1
1660,1
1661,3
1662,2
1663,8
1664,2
1665,63
1666,2
1667,3
1668,7
1669,1
1670,5
1671,15
1672,10
1673,4
1674,24
1675,3
1676,1
1677,78
1678,32
1679,1
1680,8
1681,3
1682,2
1683,1
1684,6
1685,16
1686,3
1687,1
1688,4
1689,52
1690,1
1691,16
1692,2
1693,16
1694,4
1695,3
1696,3
1697,1
1698,26
1699,14
1700,3
1701,12
1702,1
1703,1
1704,5
1705,13
1706,15
1707,1
1708,1
1709,1
1710,9
1711,6
1712,2
1713,11
1714,2
1715,5
1716,3
1717,2
1718,9
1719,2
1720,4
1721,48
1722,1
1723,2
1724,15
1725,24
1726,1
1727,3
1728,11
1729,13
1730,1
1731,8
1732,1
1733,2
1734,19
1735,2
1736,1
1737,6
1738,7
1739,4
1740,3
1741,11
1742,3
1743,3
1744,6
1745,4
1746,10
1747,3
1748,1
1749,17
1750,1
1751,7
1752,17
1753,1
1754,1
1755,1
1756,6
1757,1
1758,2
1759,1
1760,1
1761,12
1762,3
1763,7
1764,2
1765,1
1766,2
1767,7
1768,2
1769,4
1770,7
1771,9
1772,2
1773,1
1774,2
1775,1
1776,22
1777,1
1778,7
1779,5
1780,1
1781,7
1782,1
1783,3
1784,4
1785,4
1786,10
1787,5
1788,1
1789,14
1790,1
1791,1
1792,81
1793,24
1794,17
1795,50
1796,7
1797,1
1798,9
1799,53
1800,4
1801,6
1802,1
1803,3
1804,22
1805,1
1806,21
1807,1
1808,15
1809,2
1810,1
1811,2
1812,8
1813,1
1814,4
1815,1
1816,1
1817,28
1818,3
1819,1
1820,2
1821,4
1822,1
1823,1
1824,9
1825,2
1826,3
1827,2
1828,3
1829,2
1830,16
1831,27
1832,1
1833,9
1834,19
1835,12
1836,2
1837,4
1838,25
1839,7
1840,3
1841,1
1842,9
1843,2
1844,10
1845,5
1846,10
1847,1
1848,30
1849,59
1850,33
1851,8
1852,7
1853,9
1854,8
1855,4
1856,13
1857,4
1858,2
1859,15
1860,3
1861,4
1862,4
1863,5
1864,1
1865,3
1866,2
1867,2
1868,2
1869,1
1870,2
1871,2
1872,16
1873,6
1874,1
1875,36
1876,17
1877,4
1878,11
1879,33
1880,3
1881,2
1882,21
1883,4
1884,4
1885,3
1886,1
1887,20
1888,2
1889,2
1890,6
1891,34
1892,4
1893,4
1894,3
1895,1
1896,7
1897,30
1898,16
1899,6
1900,3
1901,3
1902,31
1903,4
1904,3
1905,23
1906,6
1907,7
1908,1
1909,4
1910,4
1911,5
1912,2
1913,1
1914,1
1915,2
1916,1
1917,3
1918,3
1919,10
1920,9
1921,23
1922,3
1923,2
1924,3
1925,11
1926,1
1927,2
1928,1
1929,10
1930,1
1931,2
1932,14
1933,35
1934,11
1935,4
1936,5
1937,106
1938,4
1939,2
1940,9
1941,39
1942,10
1943,9
1944,4
1945,57
1946,10
1947,11
1948,4
1949,2
1950,4
1951,1
1952,6
1953,3
1954,8
1955,2
1956,46
1957,3
1958,24
1959,3
1960,14
1961,2
1962,1
1963,15
1964,3
1965,1
1966,3
1967,3
1968,4
1969,1
1970,6
1971,7
1972,2
1973,34
1974,3
1975,5
1976,1
1977,1
1978,1
1979,3
1980,8
1981,2
1982,11
1983,1
1984,1
1985,4
1986,9
1987,7
1988,2
1989,10
1990,1
1991,3
1992,2
1993,2
1994,3
1995,10
1996,1
1997,1
1998,5
1999,7
2000,1
2001,10
2002,1
2003,1
2004,13
2005,5
2006,2
2007,5
2008,16
2009,1
2010,1
2011,5
2012,2
2013,11
2014,48
2015,21
2016,2
2017,20
2018,2
2019,5
2020,22
2021,16
2022,3
2023,9
2024,13
2025,1
2026,5
2027,1
2028,19
2029,50
2030,3
2031,17
2032,1
2033,1
2034,4
2035,2
2036,15
2037,25
2038,1
2039,22
2040,8
2041,1
2042,6
2043,2
2044,3
2045,13
2046,1
2047,9
2048,1
2049,3
2050,6
2051,15
2052,2
2053,2
2054,1
2055,2
2056,27
2057,3
2058,11
2059,4
2060,9
2061,4
2062,3
2063,4
2064,1
2065,6
2066,20
2067,4
2068,2
2069,3
2070,4
2071,2
2072,7
2073,6
2074,2
2075,3
2076,1
2077,5
2078,4
2079,1
2080,5
2081,5
2082,1
2083,90
2084,1
2085,9
2086,7
2087,2
2088,5
2089,3
2090,5
2091,11
2092,1
2093,8
2094,10
2095,5
2096,25
2097,2
2098,1
2099,4
2100,2
2101,4
2102,2
2103,2
2104,2
2105,3
2106,1
2107,11
2108,7
2109,3
2110,3
2111,2
2112,3
2113,1
2114,1
2115,1
2116,1
2117,13
2118,5
2119,1
2120,6
2121,1
2122,32
2123,5
2124,6
2125,3
2126,5
2127,9
2128,7
2129,6
2130,6
2131,1
2132,14
2133,2
2134,5
2135,1
2136,1
2137,3
2138,3
2139,1
2140,21
2141,4
2142,18
2143,11
2144,7
2145,22
2146,4
2147,1
2148,1
2149,6
2150,2
2151,21
2152,1
2153,1
2154,3
2155,8
2156,2
2157,14
2158,22
2159,5
2160,47
2161,1
2162,14
2163,4
2164,13
2165,3
2166,1
2167,1
2168,2
2169,1
2170,38
2171,4
2172,1
2173,1
2174,6
2175,1
2176,2
2177,17
2178,4
2179,1
2180,5
2181,1
2182,2
2183,10
2184,3
2185,3
2186,44
2187,2
2188,3
2189,9
2190,3
2191,17
2192,6
2193,13
2194,23
2195,14
2196,10
2197,20
2198,1
2199,21
2200,3
2201,25
2202,1
2203,2
2204,25
2205,15
2206,6
2207,15
2208,3
2209,1
2210,1
2211,4
2212,6
2213,9
2214,1
2215,1
2216,15
2217,34
2218,1
2219,3
2220,1
2221,6
2222,3
2223,1
2224,4
2225,4
2226,1
2227,1
2228,3
2229,69
2230,1
2231,1
2232,10
2233,13
2234,14
2235,2
2236,6
2237,4
2238,36
2239,7
2240,3
2241,6
2242,4
2243,1
2244,8
2245,1
2246,1
2247,4
2248,2
2249,3
2250,2
2251,7
2252,2
2253,2
2254,15
2255,2
2256,3
2257,3
2258,1
2259,33
2260,17
2261,4
2262,8
2263,4
2264,1
2265,32
2266,12
2267,20
2268,1
2269,2
2270,1
2271,5
2272,5
2273,1
2274,3
2275,7
2276,14
2277,3
2278,1
2279,2
2280,8
2281,1
2282,1
2283,1
2284,1
2285,5
2286,2
2287,1
2288,4
2289,53
2290,8
2291,2
2292,1
2293,1
2294,1
2295,4
2296,1
2297,2
2298,8
2299,14
2300,14
2301,5
2302,2
2303,4
2304,8
2305,11
2306,6
2307,2
2308,12
2309,2
2310,1
2311,1
2312,1
2313,4
2314,3
2315,5
2316,7
2317,5
2318,12
2319,5
2320,1
2321,4
2322,4
2323,2
2324,1
2325,1
2326,30
2327,8
2328,13
2329,4
2330,1
2331,1
2332,4
2333,1
2334,7
2335,2
2336,1
2337,36
2338,1
2339,1
2340,5
2341,10
2342,1
2343,2
2344,6
2345,5
2346,1
2347,33
2348,2
2349,18
2350,4
2351,2
2352,2
2353,1
2354,8
2355,1
2356,9
2357,13
2358,4
2359,4
2360,1
2361,19
2362,1
2363,1
2364,1
2365,1
2366,11
2367,1
2368,17
2369,6
2370,5
2371,3
2372,9
2373,7
2374,1
2375,1
2376,7
2377,5
2378,2
2379,1
2380,2
2381,12
2382,5
2383,1
2384,6
2385,15
2386,16
2387,15
2388,1
2389,4
2390,21
2391,44
2392,1
2393,1
2394,1
2395,1
2396,12
2397,1
2398,3
2399,11
2400,1
2401,13
2402,2
2403,4
2404,5
2405,3
2406,2
2407,1
2408,5
2409,1
2410,1
2411,3
2412,10
2413,6
2414,26
2415,4
2416,7
2417,2
2418,6
2419,7
2420,23
2421,4
2422,25
2423,2
2424,30
2425,4
2426,1
2427,2
2428,23
2429,4
2430,10
2431,1
2432,1
2433,16
2434,16
2435,3
2436,2
2437,1
2438,2
2439,5
2440,4
2441,2
2442,7
2443,3
2444,6
2445,1
2446,1
2447,3
2448,4
2449,2
2450,4
2451,10
2452,38
2453,3
2454,1
2455,6
2456,15
2457,1
2458,19
2459,3
2460,2
2461,1
2462,2
2463,3
2464,1
2465,2
2466,1
2467,4
2468,14
2469,1
2470,21
2471,2
2472,6
2473,22
2474,11
2475,4
2476,44
2477,2
2478,3
2479,2
2480,3
2481,4
2482,6
2483,3
2484,2
2485,3
2486,1
2487,3
2488,15
2489,1
2490,1
2491,1
2492,15
2493,1
2494,5
2495,4
2496,1
2497,5
2498,14
2499,7
2500,2
2501,6
2502,6
2503,2
2504,12
2505,4
2506,1
2507,8
2508,2
2509,4
2510,140
2511,17
2512,4
2513,11
2514,5
2515,42
2516,7
2517,5
2518,3
2519,4
2520,4
2521,3
2522,6
2523,5
2524,23
2525,1
2526,3
2527,1
2528,3
2529,3
2530,5
2531,2
2532,10
2533,1
2534,3
2535,7
2536,2
2537,2
2538,5
2539,2
2540,2
2541,7
2542,1
2543,3
2544,6
2545,1
2546,2
2547,3
2548,3
2549,4
2550,2
2551,7
2552,8
2553,1
2554,1
2555,1
2556,7
2557,9
2558,1
2559,7
2560,8
2561,3
2562,3
2563,1
2564,8
2565,1
2566,24
2567,1
2568,1
2569,10
2570,6
2571,32
2572,7
2573,1
2574,2
2575,1
2576,8
2577,8
2578,2
2579,3
2580,17
2581,1
2582,1
2583,14
2584,3
2585,2
2586,30
2587,3
2588,5
2589,9
2590,1
2591,41
2592,1
2593,2
2594,2
2595,1
2596,4
2597,3
2598,1
2599,8
2600,26
2601,1
2602,1
2603,4
2604,2
2605,7
2606,2
2607,7
2608,2
2609,13
2610,2
2611,1
2612,1
2613,2
2614,25
2615,57
2616,9
2617,18
2618,3
2619,2
2620,1
2621,2
2622,2
2623,5
2624,25
2625,2
2626,29
2627,2
2628,9
2629,6
2630,6
2631,5
2632,1
2633,1
2634,5
2635,1
2636,2
2637,33
2638,2
2639,11
2640,7
2641,10
2642,2
2643,4
2644,27
2645,10
2646,4
2647,11
2648,11
2649,3
2650,2
2651,1
2652,1
2653,2
2654,5
2655,2
2656,2
2657,1
2658,4
2659,13
2660,3
2661,1
2662,1
2663,10
2664,1
2665,1
2666,9
2667,2
2668,5
2669,9
2670,15
2671,1
2672,10
2673,22
2674,5
2675,3
2676,28
2677,1
2678,2
2679,1
2680,4
2681,1
2682,1
2683,1
2684,2
2685,5
2686,2
2687,2
2688,1
2689,3
2690,3
2691,24
2692,3
2693,8
2694,16
2695,3
2696,1
2697,2
2698,5
2699,14
2700,4
2701,1
2702,1
2703,5
2704,1
2705,14
2706,8
2707,71
2708,6
2709,2
2710,5
2711,38
2712,1
2713,25
2714,1
2715,4
2716,1
2717,2
2718,1
2719,8
2720,1
2721,2
2722,1
2723,5
2724,11
2725,39
2726,1
2727,4
2728,1
2729,4
2730,21
2731,2
2732,4
2733,4
2734,67
2735,2
2736,1
2737,2
2738,14
2739,1
2740,5
2741,5
2742,8
2743,3
2744,37
2745,35
2746,4
2747,11
2748,1
2749,2
2750,5
2751,21
2752,3
2753,4
2754,4
2755,16
2756,2
2757,7
2758,6
2759,4
2760,1
2761,19
2762,1
2763,6
2764,1
2765,4
2766,1
2767,1
2768,4
2769,4
2770,1
2771,3
2772,8
2773,6
2774,2
2775,14
2776,3
2777,4
2778,1
2779,1
2780,1
2781,13
2782,9
2783,2
2784,2
2785,3
2786,3
2787,23
2788,7
2789,2
2790,27
2791,14
2792,4
2793,1
2794,11
2795,1
2796,1
2797,4
2798,80
2799,4
2800,19
2801,2
2802,4
2803,9
2804,4
2805,17
2806,1
2807,6
2808,6
2809,6
2810,2
2811,2
2812,2
2813,3
2814,8
2815,2
2816,7
2817,1
2818,14
2819,3
2820,4
2821,3
2822,1
2823,4
2824,1
2825,2
2826,9
2827,2
2828,3
2829,2
2830,2
2831,7
2832,15
2833,4
2834,7
2835,52
2836,7
2837,1
2838,28
2839,2
2840,16
2841,4
2842,1
2843,15
2844,12
2845,2
2846,15
2847,6
2848,32
2849,2
2850,7
2851,2
2852,1
2853,1
2854,119
2855,2
2856,1
2857,2
2858,12
2859,1
2860,2
2861,1
2862,4
2863,5
2864,23
2865,2
2866,1
2867,4
2868,9
2869,1
2870,11
2871,3
2872,3
2873,1
2874,9
2875,1
2876,16
2877,1
2878,38
2879,3
2880,8
2881,5
2882,3
2883,1
2884,5
2885,3
2886,2
2887,6
2888,1
2889,11
2890,11
2891,12
2892,81
2893,5
2894,2
2895,2
2896,27
2897,40
2898,2
2899,11
2900,3
2901,2
2902,12
2903,2
2904,3
2905,4
2906,8
2907,1
2908,4
2909,1
2910,10
2911,5
2912,19
2913,5
2914,9
2915,3
2916,3
2917,3
2918,4
2919,2
2920,2
2921,8
2922,1
2923,1
2924,2
2925,1
2926,6
2927,1
2928,17
2929,2
2930,11
2931,2
2932,3
2933,25
2934,1
2935,2
2936,2
2937,1
2938,7
2939,7
2940,3
2941,7
2942,5
2943,8
2944,14
2945,1
2946,3
2947,9
2948,2
2949,2
2950,1
2951,5
2952,7
2953,5
2954,3
2955,15
2956,3
2957,2
2958,3
2959,4
2960,6
2961,19
2962,3
2963,1
2964,5
2965,3
2966,10
2967,18
2968,3
2969,1
2970,4
2971,4
2972,16
2973,10
2974,8
2975,1
2976,7
2977,5
2978,4
2979,6
2980,26
2981,1
2982,13
2983,3
2984,2
2985,22
2986,4
2987,3
2988,26
2989,6
2990,1
2991,12
2992,11
2993,7
2994,27
2995,34
2996,14
2997,1
2998,36
2999,1
3000,2
3001,3
3002,2
3003,1
3004,1
3005,12
3006,18
3007,1
3008,3
3009,5
3010,2
3011,1
3012,2
3013,5
3014,4
3015,1
3016,8
3017,3
3018,3
3019,2
3020,17
3021,5
3022,20
3023,6
3024,5
3025,1
3026,3
3027,1
3028,3
3029,3
3030,6
3031,1
3032,4
3033,1
3034,1
3035,2
3036,1
3037,1
3038,84
3039,44
3040,2
3041,2
3042,42
3043,2
3044,10
3045,16
3046,1
3047,25
3048,4
3049,2
3050,1
3051,2
3052,3
3053,1
3054,1
3055,2
3056,36
3057,1
3058,3
3059,2
3060,6
3061,7
3062,5
3063,1
3064,5
3065,1
3066,3
3067,1
3068,1
3069,3
3070,4
3071,7
3072,1
3073,28
3074,3
3075,12
3076,1
3077,9
3078,1
3079,11
3080,51
3081,25
3082,7
3083,8
3084,11
3085,3
3086,14
3087,5
3088,2
3089,1
3090,5
3091,2
3092,2
3093,17
3094,2
3095,14
3096,15
3097,12
3098,2
3099,2
3100,2
3101,2
3102,2
3103,79
3104,1
3105,9
3106,2
3107,14
3108,54
3109,2
3110,7
3111,1
3112,9
3113,1
3114,1
3115,2
3116,1
3117,5
3118,7
3119,8
3120,11
3121,15
3122,1
3123,2
3124,1
3125,8
3126,1
3127,20
3128,14
3129,7
3130,37
3131,5
3132,1
3133,4
3134,4
3135,2
3136,18
3137,12
3138,7
3139,7
3140,2
3141,11
3142,1
3143,2
3144,1
3145,10
3146,1
3147,6
3148,1
3149,2
3150,1
3151,3
3152,2
3153,3
3154,8
3155,9
3156,2
3157,8
3158,22
3159,4
3160,4
3161,7
3162,23
3163,13
3164,2
3165,38
3166,2
3167,1
3168,1
3169,8
3170,3
3171,3
3172,9
3173,9
3174,1
3175,2
3176,2
3177,1
3178,3
3179,1
3180,2
3181,39
3182,5
3183,3
3184,22
3185,5
3186,3
3187,2
3188,3
3189,20
3190,2
3191,1
3192,4
3193,2
3194,2
3195,2
3196,5
3197,2
3198,18
3199,4
3200,2
3201,1
3202,2
3203,1
3204,4
3205,2
3206,1
3207,2
3208,7
3209,1
3210,38
3211,5
3212,4
3213,10
3214,4
3215,2
3216,9
3217,2
3218,5
3219,1
3220,1
3221,16
3222,3
3223,16
3224,15
3225,11
3226,1
3227,18
3228,5
3229,1
3230,4
3231,8
3232,1
3233,2
3234,10
3235,1
3236,3
3237,4
3238,2
3239,5
3240,102
3241,2
3242,1
3243,1
3244,5
3245,5
3246,2
3247,16
3248,1
3249,6
3250,3
3251,62
3252,1
3253,2
3254,1
3255,1
3256,2
3257,1
3258,4
3259,6
3260,4
3261,1
3262,5
3263,6
3264,17
3265,4
3266,6
3267,5
3268,4
3269,13
3270,3
3271,2
3272,5
3273,9
3274,1
3275,1
3276,1
3277,4
3278,2
3279,16
3280,1
3281,7
3282,17
3283,4
3284,2
3285,16
3286,3
3287,1
3288,2
3289,2
3290,2
3291,5
3292,1
3293,6
3294,3
3295,13
3296,8
3297,1
3298,2
3299,1
3300,6
3301,2
3302,3
3303,6
3304,4
3305,7
3306,2
3307,1
3308,6
3309,5
3310,1
3311,5
3312,5
3313,5
3314,10
3315,6
3316,6
3317,16
3318,5
3319,2
3320,3
3321,7
3322,2
3323,3
3324,10
3325,15
3326,1
3327,6
3328,1
3329,1
3330,27
3331,6
3332,1
3333,10
3334,19
3335,7
3336,15
3337,1
3338,5
3339,7
3340,5
3341,50
3342,33
3343,1
3344,7
3345,7
3346,13
3347,4
3348,12
3349,7
3350,16
3351,1
3352,14
3353,1
3354,1
3355,5
3356,4
3357,2
3358,6
3359,12
3360,76
3361,20
3362,1
3363,1
3364,6
3365,3
3366,1
3367,10
3368,12
3369,2
3370,3
3371,3
3372,1
3373,6
3374,5
3375,4
3376,1
3377,27
3378,2
3379,5
3380,3
3381,38
3382,10
3383,1
3384,4
3385,5
3386,1
3387,14
3388,1
3389,16
3390,17
3391,3
3392,6
3393,2
3394,3
3395,3
3396,3
3397,37
3398,3
3399,30
3400,65
3401,4
3402,4
3403,4
3404,8
3405,12
3406,2
3407,1
3408,15
3409,8
3410,36
3411,12
3412,3
3413,9
3414,6
3415,3
3416,3
3417,3
3418,26
3419,1
3420,3
3421,1
3422,2
3423,7
3424,6
3425,2
3426,9
3427,5
3428,4
3429,1
3430,28
3431,5
3432,8
3433,1
3434,2
3435,4
3436,2
3437,25
3438,2
3439,10
3440,20
3441,3
3442,3
3443,1
3444,6
3445,9
3446,13
3447,2
3448,3
3449,3
3450,159
3451,1
3452,5
3453,7
3454,11
3455,1
3456,1
3457,1
3458,1
3459,5
3460,9
3461,8
3462,12
3463,11
3464,1
3465,1
3466,3
3467,2
3468,8
3469,26
3470,14
3471,11
3472,5
3473,3
3474,3
3475,2
3476,1
3477,2
3478,2
3479,2
3480,2
3481,4
3482,5
3483,5
3484,2
3485,1
3486,5
3487,1
3488,1
3489,1
3490,1
3491,1
3492,7
3493,4
3494,2
3495,8
3496,5
3497,16
3498,17
3499,23
3500,9
3501,2
3502,22
3503,7
3504,48
3505,1
3506,1
3507,10
3508,13
3509,11
3510,5
3511,1
3512,1
3513,3
3514,13
3515,2
3516,3
3517,1
3518,6
3519,4
3520,24
3521,8
3522,1
3523,3
3524,2
3525,2
3526,9
3527,7
3528,10
3529,5
3530,175
3531,1
3532,1
3533,7
3534,3
3535,2
3536,8
3537,2
3538,12
3539,2
3540,1
3541,1
3542,4
3543,2
3544,100
3545,3
3546,2
3547,5
3548,5
3549,2
3550,9
3551,3
3552,6
3553,3
3554,5
3555,23
3556,2
3557,29
3558,1
3559,15
3560,5
3561,5
3562,4
3563,2
3564,37
3565,30
3566,13
3567,5
3568,5
3569,12
3570,3
3571,36
3572,3
3573,3
3574,9
3575,6
3576,1
3577,1
3578,3
3579,1
3580,5
3581,10
3582,11
3583,1
3584,54
3585,6
3586,1
3587,3
3588,7
3589,12
3590,2
3591,6
3592,7
3593,1
3594,17
3595,4
3596,14
3597,124
3598,8
3599,13
3600,4
3601,1
3602,6
3603,11
3604,4
3605,1
3606,5
3607,1
3608,1
3609,3
3610,12
3611,4
3612,17
3613,8
3614,25
3615,7
3616,10
3617,7
3618,2
3619,1
3620,12
3621,4
3622,9
3623,1
3624,4
3625,9
3626,2
3627,1
3628,3
3629,1
3630,2
3631,1
3632,33
3633,13
3634,2
3635,1
3636,9
3637,3
3638,5
3639,3
3640,1
3641,4
3642,9
3643,12
3644,29
3645,4
3646,3
3647,16
3648,1
3649,5
3650,27
3651,4
3652,4
3653,45
3654,4
3655,8
3656,1
3657,5
3658,1
3659,14
3660,1
3661,6
3662,2
3663,4
3664,1
3665,2
3666,19
3667,20
3668,1
3669,11
3670,21
3671,7
3672,13
3673,2
3674,3
3675,1
3676,1
3677,3
3678,12
3679,16
3680,13
3681,5
3682,4
3683,3
3684,2
3685,1
3686,6
3687,6
3688,2
3689,4
3690,3
3691,1
3692,7
3693,2
3694,17
3695,4
3696,3
3697,2
3698,8
3699,4
3700,4
3701,57
3702,2
3703,5
3704,1
3705,11
3706,6
3707,4
3708,14
3709,1
3710,2
3711,4
3712,2
3713,1
3714,12
3715,29
3716,6
3717,1
3718,5
3719,1
3720,7
3721,5
3722,11
3723,1
3724,3
3725,21
3726,10
3727,1
3728,1
3729,1
3730,2
3731,2
3732,4
3733,2
3734,1
3735,2
3736,8
3737,19
3738,12
3739,1
3740,2
3741,7
3742,3
3743,7
3744,6
3745,4
3746,1
3747,17
3748,9
3749,1
3750,10
3751,30
3752,4
3753,1
3754,2
3755,38
3756,12
3757,24
3758,5
3759,10
3760,4
3761,2
3762,3
3763,2
3764,6
3765,1
3766,13
3767,7
3768,8
3769,2
3770,6
3771,2
3772,3
3773,9
3774,13
3775,2
3776,1
3777,6
3778,1
3779,6
3780,8
3781,10
3782,1
3783,3
3784,2
3785,1
3786,18
3787,2
3788,1
3789,4
3790,7
3791,1
3792,8
3793,8
3794,1
3795,4
3796,2
3797,1
3798,11
3799,3
3800,3
3801,1
3802,3
3803,3
3804,3
3805,3
3806,2
3807,23
3808,1
3809,18
3810,10
3811,8
3812,2
3813,15
3814,2
3815,1
3816,1
3817,13
3818,7
3819,2
3820,7
3821,1
3822,56
3823,4
3824,8
3825,1
3826,20
3827,2
3828,1
3829,11
3830,6
3831,2
3832,3
3833,50
3834,1
3835,3
3836,14
3837,3
3838,1
3839,4
3840,2
3841,4
3842,13
3843,3
3844,3
3845,52
3846,1
3847,4
3848,1
3849,1
3850,14
3851,2
3852,29
3853,61
3854,23
3855,73
3856,5
3857,5
3858,6
3859,6
3860,3
3861,15
3862,7
3863,1
3864,8
3865,4
3866,1
3867,7
3868,1
3869,9
3870,1
3871,1
3872,1
3873,63
3874,3
3875,2
3876,10
3877,5
3878,9
3879,3
3880,13
3881,4
3882,12
3883,2
3884,2
3885,1
3886,1
3887,1
3888,13
3889,5
3890,3
3891,7
3892,1
3893,6
3894,1
3895,10
3896,8
3897,12
3898,13
3899,1
3900,32
3901,1
3902,1
3903,2
3904,3
3905,15
3906,5
3907,7
3908,2
3909,4
3910,9
3911,12
3912,14
3913,1
3914,1
3915,2
3916,2
3917,1
3918,6
3919,1
3920,30
3921,18
3922,2
3923,3
3924,1
3925,1
3926,11
3927,8
3928,7
3929,3
3930,1
3931,2
3932,23
3933,3
3934,1
3935,2
3936,2
3937,11
3938,2
3939,1
3940,1
3941,1
3942,10
3943,2
3944,3
3945,11
3946,24
3947,1
3948,43
3949,10
3950,8
3951,7
3952,1
3953,9
3954,3
3955,2
3956,10
3957,8
3958,2
3959,3
3960,6
3961,35
3962,7
3963,2
3964,3
3965,2
3966,7
3967,4
3968,10
3969,14
3970,10
3971,8
3972,4
3973,1
3974,3
3975,5
3976,1
3977,14
3978,1
3979,9
3980,4
3981,1
3982,1
3983,5
3984,3
3985,2
3986,16
3987,9
3988,5
3989,2
3990,8
3991,19
3992,1
3993,4
3994,13
3995,7
3996,2
3997,3
3998,9
3999,4
4000,76
4001,3
4002,5
4003,8
4004,2
4005,2
4006,9
4007,16
4008,15
4009,5
4010,1
4011,2
4012,10
4013,15
4014,5
4015,1
4016,1
4017,1
4018,2
4019,22
4020,5
4021,12
4022,2
4023,19
4024,5
4025,2
4026,3
4027,2
4028,2
4029,2
4030,2
4031,11
4032,11
4033,36
4034,18
4035,5
4036,13
4037,1
4038,5
4039,27
4040,10
4041,1
4042,24
4043,2
4044,5
4045,1
4046,4
4047,2
4048,1
4049,1
4050,1
4051,4
4052,2
4053,5
4054,3
4055,5
4056,4
4057,3
4058,4
4059,3
4060,8
4061,6
4062,3
4063,2
4064,2
4065,3
4066,1
4067,1
4068,2
4069,26
4070,6
4071,4
4072,2
4073,4
4074,1
4075,1
4076,2
4077,1
4078,14
4079,7
4080,3
4081,8
4082,4
4083,6
4084,2
4085,14
4086,39
4087,5
4088,9
4089,2
4090,2
4091,4
4092,4
4093,8
4094,1
4095,22
4096,1
4097,5
4098,6
4099,5
4100,2
4101,4
4102,4
4103,3
4104,12
4105,4
4106,13
4107,1
4108,5
4109,5
4110,4
4111,2
4112,8
4113,1
4114,7
4115,3
4116,3
4117,2
4118,3
4119,23
4120,3
4121,13
4122,24
4123,6
4124,15
4125,59
4126,18
4127,7
4128,7
4129,2
4130,7
4131,6
4132,4
4133,1
4134,1
4135,4
4136,13
4137,1
4138,3
4139,2
4140,1
4141,15
4142,3
4143,2
4144,4
4145,14
4146,52
4147,19
4148,3
4149,9
4150,3
4151,16
4152,10
4153,3
4154,9
4155,5
4156,4
4157,2
4158,4
4159,3
4160,2
4161,1
4162,25
4163,47
4164,23
4165,7
4166,2
4167,8
4168,1
4169,1
4170,1
4171,1
4172,1
4173,2
4174,6
4175,14
4176,4
4177,2
4178,1
4179,3
4180,20
4181,2
4182,2
4183,8
4184,5
4185,1
4186,2
4187,11
4188,2
4189,4
4190,1
4191,1
4192,1
4193,2
4194,3
4195,2
4196,2
4197,5
4198,11
4199,1
4200,1
4201,1
4202,4
4203,2
4204,8
4205,1
4206,21
4207,1
4208,4
4209,2
4210,4
4211,26
4212,13
4213,2
4214,6
4215,1
4216,4
4217,9
4218,1
4219,2
4220,3
4221,8
4222,1
4223,3
4224,2
4225,5
4226,2
4227,3
4228,8
4229,3
4230,11
4231,1
4232,4
4233,1
4234,6
4235,15
4236,6
4237,2
4238,4
4239,4
4240,6
4241,4
4242,12
4243,10
4244,1
4245,2
4246,16
4247,4
4248,18
4249,3
4250,4
4251,2
4252,3
4253,3
4254,13
4255,3
4256,8
4257,27
4258,1
4259,9
4260,7
4261,11
4262,2
4263,1
4264,1
4265,2
4266,6
4267,5
4268,1
4269,4
4270,11
4271,4
4272,4
4273,1
4274,9
4275,12
4276,1
4277,8
4278,1
4279,6
4280,24
4281,1
4282,1
4283,1
4284,11
4285,4
4286,2
4287,2
4288,1
4289,3
4290,1
4291,4
4292,2
4293,1
4294,1
4295,4
4296,8
4297,4
4298,31
4299,4
4300,3
4301,7
4302,2
4303,9
4304,10
4305,5
4306,2
4307,5
4308,4
4309,34
4310,2
4311,1
4312,7
4313,1
4314,1
4315,7
4316,6
4317,3
4318,15
4319,33
4320,1
4321,9
4322,1
4323,6
4324,18
4325,2
4326,2
4327,11
4328,10
4329,25
4330,27
4331,1
4332,2
4333,2
4334,1
4335,42
4336,8
4337,24
4338,72
4339,1
4340,2
4341,14
4342,1
4343,3
4344,5
4345,1
4346,1
4347,1
4348,19
4349,3
4350,13
4351,2
4352,1
4353,15
4354,1
4355,12
4356,56
4357,9
4358,1
4359,48
4360,4
4361,1
4362,1
4363,1
4364,26
4365,10
4366,5
4367,3
4368,9
4369,4
4370,1
4371,3
4372,1
4373,8
4374,6
4375,12
4376,14
4377,10
4378,4
4379,2
4380,3
4381,7
4382,1
4383,2
4384,10
4385,5
4386,1
4387,21
4388,6
4389,2
4390,1
4391,2
4392,6
4393,31
4394,7
4395,2
4396,10
4397,6
4398,2
4399,6
4400,1
4401,1
4402,1
4403,1
4404,5
4405,1
4406,2
4407,1
4408,8
4409,3
4410,2
4411,4
4412,3
4413,1
4414,17
4415,3
4416,4
4417,2
4418,1
4419,3
4420,4
4421,2
4422,6
4423,5
4424,1
4425,2
4426,19
4427,5
4428,8
4429,2
4430,2
4431,6
4432,10
4433,26
4434,16
4435,1
4436,5
4437,4
4438,5
4439,3
4440,3
4441,3
4442,1
4443,9
4444,8
4445,1
4446,2
4447,16
4448,3
4449,2
4450,2
4451,8
4452,52
4453,16
4454,1
4455,35
4456,10
4457,7
4458,1
4459,3
4460,11
4461,6
4462,3
4463,1
4464,4
4465,5
4466,17
4467,8
4468,3
4469,9
4470,9
4471,1
4472,4
4473,1
4474,5
4475,3
4476,12
4477,3
4478,4
4479,12
4480,14
4481,1
4482,2
4483,5
4484,4
4485,6
4486,1
4487,3
4488,1
4489,2
4490,4
4491,3
4492,2
4493,1
4494,4
4495,1
4496,1
4497,2
4498,1
4499,1
4500,1
4501,1
4502,23
4503,6
4504,2
4505,4
4506,15
4507,6
4508,1
4509,1
4510,1
4511,17
4512,11
4513,2
4514,1
4515,5
4516,5
4517,8
4518,3
4519,5
4520,13
4521,3
4522,2
4523,7
4524,4
4525,12
4526,1
4527,27
4528,12
4529,1
4530,1
4531,11
4532,8
4533,1
4534,3
4535,1
4536,21
4537,2
4538,3
4539,5
4540,2
4541,1
4542,1
4543,9
4544,28
4545,1
4546,3
4547,1
4548,4
4549,23
4550,6
4551,1
4552,1
4553,2
4554,24
4555,17
4556,8
4557,3
4558,8
4559,2
4560,13
4561,41
4562,2
4563,21
4564,2
4565,1
4566,1
4567,1
4568,1
4569,1
4570,8
4571,1
4572,22
4573,4
4574,7
4575,7
4576,1
4577,1
4578,5
4579,6
4580,3
4581,2
4582,1
4583,3
4584,5
4585,2
4586,1
4587,4
4588,1
4589,16
4590,2
4591,2
4592,1
4593,16
4594,3
4595,14
4596,2
4597,2
4598,1
4599,6
4600,14
4601,2
4602,13
4603,1
4604,3
4605,2
4606,20
4607,26
4608,5
4609,8
4610,1
4611,7
4612,24
4613,3
4614,17
4615,1
4616,4
4617,6
4618,1
4619,1
4620,3
4621,12
4622,6
4623,9
4624,11
4625,3
4626,6
4627,5
4628,1
4629,2
4630,2
4631,4
4632,32
4633,2
4634,1
4635,3
4636,26
4637,6
4638,9
4639,1
4640,7
4641,1
4642,1
4643,1
4644,1
4645,1
4646,2
4647,7
4648,6
4649,5
4650,12
4651,6
4652,2
4653,7
4654,1
4655,1
4656,4
4657,43
4658,1
4659,3
4660,2
4661,1
4662,9
4663,2
4664,1
4665,1
4666,22
4667,2
4668,2
4669,1
4670,1
4671,23
4672,1
4673,11
4674,1
4675,1
4676,24
4677,1
4678,8
4679,1
4680,4
4681,7
4682,3
4683,1
4684,2
4685,2
4686,2
4687,3
4688,2
4689,1
4690,1
4691,29
4692,10
4693,4
4694,2
4695,4
4696,2
4697,2
4698,2
4699,3
4700,3
4701,11
4702,4
4703,2
4704,22
4705,21
4706,1
4707,11
4708,2
4709,7
4710,10
4711,9
4712,2
4713,1
4714,1
4715,1
4716,12
4717,5
4718,5
4719,16
4720,30
4721,6
4722,1
4723,6
4724,2
4725,6
4726,19
4727,2
4728,20
4729,5
4730,3
4731,2
4732,2
4733,4
4734,3
4735,13
4736,1
4737,3
4738,12
4739,1
4740,1
4741,2
4742,2
4743,3
4744,7
4745,8
4746,1
4747,7
4748,3
4749,4
4750,1
4751,1
4752,1
4753,2
4754,59
4755,6
4756,10
4757,9
4758,3
4759,14
4760,5
4761,2
4762,14
4763,12
4764,1
4765,8
4766,2
4767,3
4768,1
4769,3
4770,15
4771,11
4772,1
4773,1
4774,3
4775,10
4776,1
4777,8
4778,5
4779,6
4780,6
4781,1
4782,9
4783,9
4784,3
4785,174
4786,9
4787,2
4788,12
4789,2
4790,8
4791,1
4792,6
4793,5
4794,1
4795,6
4796,6
4797,4
4798,4
4799,3
4800,11
4801,5
4802,1
4803,1
4804,8
4805,3
4806,5
4807,2
4808,3
4809,60
4810,4
4811,113
4812,2
4813,1
4814,10
4815,1
4816,2
4817,2
4818,3
4819,9
4820,5
4821,4
4822,2
4823,5
4824,2
4825,7
4826,2
4827,2
4828,1
4829,2
4830,1
4831,1
4832,2
4833,1
4834,1
4835,3
4836,4
4837,3
4838,1
4839,6
4840,4
4841,1
4842,13
4843,21
4844,4
4845,3
4846,10
4847,10
4848,1
4849,2
4850,4
4851,10
4852,8
4853,2
4854,1
4855,6
4856,1
4857,1
4858,3
4859,2
4860,33
4861,1
4862,1
4863,4
4864,14
4865,9
4866,2
4867,1
4868,10
4869,3
4870,6
4871,3
4872,1
4873,11
4874,1
4875,10
4876,27
4877,4
4878,1
4879,6
4880,38
4881,2
4882,13
4883,25
4884,1
4885,2
4886,17
4887,8
4888,29
4889,2
4890,3
4891,5
4892,5
4893,5
4894,3
4895,14
4896,2
4897,3
4898,5
4899,21
4900,100
4901,10
4902,3
4903,6
4904,38
4905,2
4906,9
4907,6
4908,29
4909,3
4910,8
4911,6
4912,7
4913,1
4914,6
4915,3
4916,15
4917,6
4918,2
4919,20
4920,1
4921,1
4922,5
4923,2
4924,3
4925,17
4926,2
4927,5
4928,7
4929,23
4930,3
4931,66
4932,3
4933,7
4934,18
4935,12
4936,5
4937,7
4938,6
4939,3
4940,3
4941,30
4942,3
4943,6
4944,3
4945,2
4946,10
4947,11
4948,1
4949,3
4950,2
4951,4
4952,7
4953,1
4954,1
4955,30
4956,2
4957,11
4958,2
4959,10
4960,12
4961,25
4962,6
4963,9
4964,2
4965,1
4966,4
4967,23
4968,11
4969,11
4970,2
4971,1
4972,1
4973,4
4974,1
4975,3
4976,1
4977,3
4978,7
4979,18
4980,2
4981,15
4982,1
4983,5
4984,1
4985,13
4986,13
4987,1
4988,4
4989,11
4990,12
4991,1
4992,6
4993,4
4994,32
4995,7
4996,5
4997,5
4998,4
4999,16
5000,1
5001,2
5002,1
5003,1
5004,4
5005,1
5006,8
5007,7
5008,3
5009,2
5010,4
5011,19
5012,6
5013,6
5014,4
5015,7
5016,1
5017,1
5018,2
5019,1
5020,11
5021,1
5022,2
5023,1
5024,2
5025,1
5026,3
5027,1
5028,3
5029,6
5030,2
5031,3
5032,1
5033,7
5034,2
5035,2
5036,4
5037,1
5038,3
5039,1
5040,4
5041,6
5042,4
5043,10
5044,4
5045,2
5046,2
5047,36
5048,7
5049,2
5050,2
5051,3
5052,4
5053,7
5054,2
5055,1
5056,4
5057,2
5058,7
5059,1
5060,22
5061,3
5062,10
5063,13
5064,1
5065,38
5066,1
5067,1
5068,6
5069,1
5070,2
5071,1
5072,12
5073,1
5074,4
5075,1
5076,2
5077,2
5078,7
5079,40
5080,5
5081,1
5082,8
5083,2
5084,1
5085,1
5086,1
5087,2
5088,1
5089,4
5090,52
5091,3
5092,1
5093,1
5094,3
5095,66
5096,1
5097,7
5098,4
5099,13
5100,2
5101,2
5102,4
5103,5
5104,3
5105,3
5106,11
5107,2
5108,23
5109,3
5110,19
5111,25
5112,5
5113,1
5114,4
5115,9
5116,1
5117,3
5118,1
5119,1
5120,6
5121,7
5122,1
5123,1
5124,25
5125,1
5126,13
5127,119
5128,35
5129,3
5130,4
5131,4
5132,15
5133,1
5134,7
5135,2
5136,2
5137,5
5138,2
5139,12
5140,1
5141,3
5142,2
5143,1
5144,1
5145,1
5146,5
5147,8
5148,2
5149,1
5150,2
5151,3
5152,3
5153,3
5154,2
5155,1
5156,5
5157,2
5158,8
5159,33
5160,1
5161,4
5162,8
5163,1
5164,2
5165,1
5166,1
5167,5
5168,18
5169,4
5170,1
5171,1
5172,1
5173,6
5174,26
5175,2
5176,15
5177,1
5178,16
5179,2
5180,2
5181,2
5182,1
5183,2
5184,4
5185,1
5186,1
5187,1
5188,5
5189,1
5190,5
5191,1
5192,11
5193,1
5194,7
5195,2
5196,3
5197,4
5198,6
5199,1
5200,14
5201,4
5202,6
5203,13
5204,2
5205,8
5206,9
5207,13
5208,4
5209,1
5210,7
5211,1
5212,16
5213,1
5214,2
5215,5
5216,15
5217,2
5218,17
5219,2
5220,17
5221,1
5222,18
5223,5
5224,5
5225,1
5226,6
5227,10
5228,1
5229,2
5230,5
5231,3
5232,5
5233,7
5234,3
5235,3
5236,11
5237,1
5238,1
5239,1
5240,6
5241,1
5242,16
5243,3
5244,2
5245,24
5246,6
5247,2
5248,1
5249,3
5250,3
5251,4
5252,6
5253,12
5254,9
5255,1
5256,4
5257,5
5258,4
5259,3
5260,8
5261,12
5262,1
5263,4
5264,2
5265,3
5266,1
5267,9
5268,13
5269,16
5270,6
5271,1
5272,1
5273,2
5274,102
5275,1
5276,1
5277,44
5278,17
5279,4
5280,2
5281,5
5282,2
5283,6
5284,1
5285,20
5286,1
5287,11
5288,1
5289,1
5290,3
5291,5
5292,10
5293,7
5294,7
5295,1
5296,2
5297,1
5298,3
5299,2
5300,3
5301,6
5302,1
5303,16
5304,5
5305,4
5306,2
5307,3
5308,32
5309,4
5310,3
5311,1
5312,3
5313,3
5314,35
5315,12
5316,1
5317,5
5318,10
5319,9
5320,1
5321,1
5322,2
5323,6
5324,23
5325,2
5326,8
5327,5
5328,4
5329,1
5330,4
5331,3
5332,4
5333,1
5334,37
5335,34
5336,3
5337,2
5338,2
5339,3
5340,2
5341,2
5342,10
5343,26
5344,1
5345,3
5346,10
5347,11
5348,1
5349,5
5350,2
5351,1
5352,2
5353,7
5354,1
5355,32
5356,1
5357,1
5358,1
5359,11
5360,7
5361,2
5362,4
5363,6
5364,6
5365,2
5366,1
5367,1
5368,2
5369,17
5370,76
5371,11
5372,8
5373,3
5374,1
5375,1
5376,2
5377,17
5378,21
5379,1
5380,2
5381,5
5382,1
5383,4
5384,7
5385,1
5386,10
5387,5
5388,12
5389,1
5390,9
5391,4
5392,7
5393,1
5394,17
5395,1
5396,10
5397,3
5398,1
5399,5
5400,2
5401,7
5402,42
5403,3
5404,12
5405,9
5406,2
5407,2
5408,1
5409,4
5410,23
5411,18
5412,6
5413,5
5414,15
5415,2
5416,4
5417,5
5418,3
5419,5
5420,6
5421,3
5422,5
5423,5
5424,1
5425,6
5426,3
5427,8
5428,3
5429,3
5430,11
5431,5
5432,3
5433,2
5434,1
5435,5
5436,3
5437,2
5438,1
5439,3
5440,10
5441,11
5442,1
5443,23
5444,1
5445,4
5446,14
5447,7
5448,2
5449,12
5450,5
5451,1
5452,1
5453,4
5454,72
5455,60
5456,3
5457,26
5458,2
5459,3
5460,1
5461,24
5462,4
5463,35
5464,2
5465,5
5466,17
5467,1
5468,13
5469,1
5470,1
5471,4
5472,2
5473,1
5474,2
5475,4
5476,9
5477,1
5478,6
5479,18
5480,4
5481,2
5482,4
5483,2
5484,2
5485,18
5486,2
5487,2
5488,8
5489,6
5490,1
5491,10
5492,1
5493,6
5494,3
5495,4
5496,1
5497,7
5498,7
5499,2
5500,1
5501,8
5502,2
5503,1
5504,1
5505,7
5506,1
5507,2
5508,11
5509,1
5510,23
5511,2
5512,1
5513,6
5514,13
5515,2
5516,20
5517,6
5518,2
5519,4
5520,3
5521,5
5522,1
5523,1
5524,1
5525,1
5526,43
5527,22
5528,2
5529,6
5530,28
5531,2
5532,14
5533,5
5534,37
5535,4
5536,19
5537,2
5538,7
5539,7
5540,12
5541,1
5542,1
5543,33
5544,5
5545,1
5546,1
5547,3
5548,14
5549,8
5550,6
5551,1
5552,1
5553,4
5554,1
5555,15
5556,34
5557,13
5558,1
5559,7
5560,2
5561,12
5562,3
5563,2
5564,29
5565,2
5566,3
5567,1
5568,15
5569,2
5570,7
5571,1
5572,1
5573,1
5574,4
5575,8
5576,1
5577,8
5578,108
5579,10
5580,15
5581,10
5582,10
5583,2
5584,6
5585,1
5586,6
5587,5
5588,2
5589,1
5590,1
5591,2
5592,4
5593,13
5594,3
5595,14
5596,3
5597,30
5598,7
5599,2
5600,22
5601,2
5602,4
5603,2
5604,13
5605,3
5606,10
5607,4
5608,3
5609,1
5610,46
5611,3
5612,20
5613,4
5614,1
5615,9
5616,4
5617,1
5618,2
5619,2
5620,1
5621,2
5622,1
5623,12
5624,4
5625,9
5626,7
5627,1
5628,4
5629,5
5630,7
5631,7
5632,25
5633,4
5634,2
5635,9
5636,4
5637,5
5638,19
5639,5
5640,19
5641,2
5642,3
5643,18
5644,7
5645,2
5646,60
5647,4
5648,2
5649,1
5650,5
5651,4
5652,2
5653,14
5654,5
5655,4
5656,4
5657,8
5658,27
5659,2
5660,4
5661,1
5662,4
5663,25
5664,4
5665,8
5666,1
5667,4
5668,5
5669,1
5670,17
5671,13
5672,2
5673,8
5674,12
5675,11
5676,22
5677,10
5678,1
5679,8
5680,13
5681,4
5682,7
5683,14
5684,1
5685,1
5686,4
5687,20
5688,7
5689,2
5690,1
5691,2
5692,3
5693,1
5694,13
5695,1
5696,1
5697,1
5698,2
5699,1
5700,8
5701,7
5702,4
5703,53
5704,3
5705,1
5706,34
5707,2
5708,10
5709,4
5710,14
5711,7
5712,4
5713,8
5714,7
5715,12
5716,1
5717,13
5718,5
5719,2
5720,13
5721,3
5722,5
5723,2
5724,6
5725,58
5726,2
5727,7
5728,5
5729,1
5730,1
5731,10
5732,3
5733,3
5734,17
5735,8
5736,1
5737,1
5738,1
5739,2
5740,4
5741,2
5742,1
5743,3
5744,5
5745,8
5746,7
5747,3
5748,4
5749,1
5750,2
5751,16
5752,1
5753,6
5754,13
5755,9
5756,6
5757,2
5758,8
5759,10
5760,1
5761,9
5762,1
5763,2
5764,21
5765,1
5766,2
5767,1
5768,10
5769,42
5770,5
5771,1
5772,1
5773,3
5774,1
5775,4
5776,4
5777,1
5778,2
5779,1
5780,1
5781,6
5782,1
5783,6
5784,1
5785,5
5786,1
5787,3
5788,6
5789,1
5790,22
5791,13
5792,1
5793,15
5794,2
5795,7
5796,1
5797,2
5798,1
5799,2
5800,7
5801,2
5802,6
5803,5
5804,1
5805,1
5806,1
5807,8
5808,1
5809,1
5810,2
5811,4
5812,1
5813,2
5814,7
5815,7
5816,7
5817,21
5818,1
5819,2
5820,4
5821,1
5822,19
5823,26
5824,1
5825,2
5826,1
5827,1
5828,7
5829,7
5830,1
5831,22
5832,13
5833,3
5834,2
5835,10
5836,12
5837,3
5838,3
5839,1
5840,1
5841,1
5842,6
5843,1
5844,7
5845,5
5846,2
5847,3
5848,11
5849,1
5850,3
5851,29
5852,1
5853,1
5854,98
5855,4
5856,10
5857,81
5858,3
5859,10
5860,1
5861,2
5862,19
5863,2
5864,6
5865,3
5866,26
5867,14
5868,4
5869,2
5870,1
5871,1
5872,22
5873,2
5874,3
5875,8
5876,36
5877,2
5878,5
5879,5
5880,1
5881,6
5882,1
5883,5
5884,6
5885,5
5886,1
5887,4
5888,2
5889,1
5890,5
5891,1
5892,25
5893,14
5894,20
5895,10
5896,5
5897,3
5898,1
5899,3
5900,6
5901,3
5902,2
5903,1
5904,6
5905,7
5906,6
5907,6
5908,8
5909,16
5910,3
5911,7
5912,1
5913,1
5914,7
5915,10
5916,4
5917,1
5918,12
5919,2
5920,7
5921,14
5922,6
5923,2
5924,1
5925,4
5926,3
5927,5
5928,1
5929,7
5930,4
5931,1
5932,1
5933,11
5934,1
5935,9
5936,3
5937,1
5938,5
5939,8
5940,5
5941,3
5942,3
5943,6
5944,60
5945,1
5946,1
5947,1
5948,12
5949,14
5950,1
5951,10
5952,1
5953,8
5954,1
5955,6
5956,11
5957,3
5958,1
5959,1
5960,5
5961,1
5962,31
5963,16
5964,6
5965,1
5966,14
5967,2
5968,19
5969,4
5970,3
5971,1
5972,10
5973,1
5974,2
5975,1
5976,1
5977,2
5978,9
5979,5
5980,2
5981,6
5982,1
5983,1
5984,8
5985,7
5986,3
5987,1
5988,69
5989,4
5990,2
5991,2
5992,2
5993,17
5994,2
5995,1
5996,2
5997,2
5998,2
5999,1
6000,6
6001,22
6002,18
6003,9
6004,13
6005,5
6006,1
6007,1
6008,2
6009,2
6010,1
6011,2
6012,11
6013,9
6014,2
6015,3
6016,35
6017,3
6018,3
6019,2
6020,8
6021,10
6022,34
6023,11
6024,1
6025,5
6026,2
6027,3
6028,1
6029,2
6030,2
6031,8
6032,5
6033,2
6034,2
6035,1
6036,8
6037,5
6038,2
6039,1
6040,3
6041,6
6042,2
6043,7
6044,2
6045,2
6046,17
6047,18
6048,4
6049,6
6050,1
6051,3
6052,2
6053,1
6054,19
6055,1
6056,7
6057,1
6058,6
6059,1
6060,2
6061,1
6062,9
6063,8
6064,1
6065,23
6066,1
6067,3
6068,2
6069,7
6070,5
6071,2
6072,1
6073,15
6074,22
6075,1
6076,3
6077,11
6078,9
6079,2
6080,3
6081,4
6082,2
6083,6
6084,5
6085,7
6086,6
6087,2
6088,11
6089,6
6090,4
6091,2
6092,12
6093,1
6094,22
6095,19
6096,9
6097,2
6098,1
6099,3
6100,1
6101,119
6102,2
6103,3
6104,6
6105,60
6106,1
6107,2
6108,53
6109,1
6110,16
6111,6
6112,9
6113,2
6114,1
6115,11
6116,10
6117,2
6118,9
6119,1
6120,17
6121,3
6122,1
6123,2
6124,2
6125,15
6126,32
6127,5
6128,1
6129,12
6130,7
6131,3
6132,1
6133,1
6134,15
6135,7
6136,8
6137,3
6138,2
6139,4
6140,19
6141,10
6142,18
6143,2
6144,4
6145,9
6146,28
6147,8
6148,6
6149,2
6150,1
6151,1
6152,5
6153,4
6154,9
6155,9
6156,4
6157,3
6158,1
6159,2
6160,17
6161,3
6162,2
6163,7
6164,3
6165,8
6166,7
6167,15
6168,15
6169,2
6170,2
6171,7
6172,3
6173,2
6174,8
6175,26
6176,3
6177,3
6178,3
6179,5
6180,19
6181,4
6182,4
6183,2
6184,2
6185,6
6186,11
6187,5
6188,2
6189,1
6190,18
6191,3
6192,3
6193,12
6194,17
6195,7
6196,5
6197,3
6198,2
6199,4
6200,28
6201,13
6202,11
6203,1
6204,1
6205,10
6206,9
6207,45
6208,6
6209,2
6210,1
6211,3
6212,4
6213,1
6214,3
6215,1
6216,1
6217,51
6218,1
6219,15
6220,6
6221,3
6222,7
6223,1
6224,1
6225,1
6226,2
6227,2
6228,4
6229,2
6230,1
6231,1
6232,7
6233,8
6234,27
6235,11
6236,19
6237,2
6238,6
6239,1
6240,1
6241,43
6242,4
6243,1
6244,1
6245,10
6246,4
6247,1
6248,2
6249,8
6250,6
6251,2
6252,23
6253,1
6254,2
6255,6
6256,20
6257,1
6258,6
6259,15
6260,1
6261,5
6262,15
6263,2
6264,1
6265,1
6266,3
6267,19
6268,1
6269,7
6270,7
6271,2
6272,11
6273,11
6274,5
6275,6
6276,2
6277,1
6278,6
6279,3
6280,10
6281,3
6282,6
6283,7
6284,2
6285,1
6286,3
6287,5
6288,3
6289,3
6290,5
6291,5
6292,3
6293,5
6294,1
6295,6
6296,30
6297,2
6298,17
6299,2
6300,8
6301,4
6302,6
6303,1
6304,4
6305,2
6306,2
6307,1
6308,1
6309,8
6310,3
6311,1
6312,4
6313,2
6314,3
6315,6
6316,8
6317,9
6318,4
6319,6
6320,3
6321,15
6322,2
6323,52
6324,1
6325,3
6326,13
6327,2
6328,2
6329,7
6330,21
6331,3
6332,1
6333,2
6334,2
6335,2
6336,1
6337,7
6338,5
6339,39
6340,1
6341,22
6342,2
6343,12
6344,2
6345,2
6346,1
6347,5
6348,4
6349,3
6350,7
6351,3
6352,7
6353,1
6354,2
6355,2
6356,1
6357,8
6358,7
6359,9
6360,2
6361,29
6362,4
6363,8
6364,2
6365,13
6366,2
6367,15
6368,5
6369,33
6370,6
6371,2
6372,4
6373,5
6374,2
6375,1
6376,2
6377,6
6378,41
6379,13
6380,6
6381,6
6382,4
6383,10
6384,2
6385,2
6386,1
6387,5
6388,7
6389,2
6390,6
6391,45
6392,3
6393,3
6394,1
6395,3
6396,5
6397,1
6398,12
6399,12
6400,1
6401,1
6402,1
6403,28
6404,1
6405,7
6406,2
6407,7
6408,53
6409,7
6410,2
6411,8
6412,5
6413,1
6414,4
6415,19
6416,13
6417,6
6418,3
6419,30
6420,1
6421,12
6422,1
6423,5
6424,30
6425,4
6426,1
6427,39
6428,7
6429,2
6430,1
6431,17
6432,8
6433,1
6434,3
6435,1
6436,19
6437,2
6438,8
6439,7
6440,2
6441,14
6442,12
6443,3
6444,1
6445,15
6446,80
6447,1
6448,1
6449,3
6450,2
6451,4
6452,2
6453,4
6454,2
6455,11
6456,2
6457,3
6458,19
6459,12
6460,13
6461,11
6462,3
6463,20
6464,1
6465,2
6466,10
6467,10
6468,11
6469,1
6470,7
6471,10
6472,2
6473,4
6474,2
6475,11
6476,44
6477,20
6478,22
6479,3
6480,2
6481,7
6482,1
6483,6
6484,2
6485,1
6486,2
6487,11
6488,1
6489,3
6490,13
6491,8
6492,1
6493,6
6494,3
6495,15
6496,11
6497,2
6498,1
6499,1
6500,5
6501,4
6502,5
6503,11
6504,2
6505,9
6506,10
6507,6
6508,5
6509,10
6510,4
6511,2
6512,3
6513,2
6514,17
6515,10
6516,2
6517,1
6518,2
6519,94
6520,4
6521,4
6522,1
6523,6
6524,8
6525,1
6526,1
6527,2
6528,18
6529,23
6530,9
6531,1
6532,1
6533,1
6534,3
6535,1
6536,8
6537,11
6538,22
6539,2
6540,2
6541,2
6542,4
6543,1
6544,42
6545,1
6546,11
6547,9
6548,1
6549,4
6550,1
6551,2
6552,13
6553,5
6554,6
6555,1
6556,10
6557,1
6558,6
6559,1
6560,1
6561,3
6562,25
6563,1
6564,24
6565,11
6566,18
6567,24
6568,8
6569,1
6570,1
6571,1
6572,9
6573,1
6574,2
6575,9
6576,4
6577,10
6578,3
6579,3
6580,2
6581,1
6582,1
6583,7
6584,1
6585,3
6586,13
6587,2
6588,1
6589,1
6590,1
6591,2
6592,4
6593,12
6594,1
6595,6
6596,1
6597,12
6598,7
6599,1
6600,3
6601,1
6602,2
6603,1
6604,1
6605,3
6606,1
6607,7
6608,1
6609,2
6610,1
6611,2
6612,3
6613,4
6614,2
6615,1
6616,20
6617,40
6618,12
6619,1
6620,1
6621,32
6622,11
6623,7
6624,1
6625,3
6626,3
6627,1
6628,1
6629,1
6630,2
6631,2
6632,4
6633,32
6634,1
6635,3
6636,10
6637,10
6638,7
6639,25
6640,16
6641,8
6642,22
6643,1
6644,10
6645,2
6646,2
6647,3
6648,19
6649,10
6650,1
6651,2
6652,18
6653,5
6654,16
6655,1
6656,11
6657,3
6658,1
6659,2
6660,1
6661,3
6662,2
6663,4
6664,4
6665,2
6666,22
6667,1
6668,12
6669,2
6670,2
6671,4
6672,20
6673,23
6674,5
6675,4
6676,5
6677,2
6678,4
6679,1
6680,1
6681,1
6682,6
6683,3
6684,6
6685,6
6686,1
6687,5
6688,4
6689,6
6690,3
6691,2
6692,6
6693,1
6694,3
6695,28
6696,5
6697,14
6698,2
6699,3
6700,2
6701,3
6702,2
6703,7
6704,3
6705,7
6706,3
6707,5
6708,1
6709,16
6710,3
6711,2
6712,64
6713,1
6714,1
6715,2
6716,5
6717,3
6718,3
6719,2
6720,5
6721,1
6722,4
6723,1
6724,25
6725,8
6726,1
6727,5
6728,8
6729,6
6730,1
6731,8
6732,2
6733,8
6734,12
6735,2
6736,2
6737,1
6738,6
6739,1
6740,4
6741,3
6742,1
6743,3
6744,3
6745,3
6746,3
6747,8
6748,1
6749,1
6750,2
6751,2
6752,20
6753,4
6754,4
6755,10
6756,1
6757,25
6758,1
6759,8
6760,1
6761,3
6762,2
6763,3
6764,5
6765,7
6766,1
6767,6
6768,8
6769,9
6770,10
6771,1
6772,7
6773,2
6774,2
6775,6
6776,8
6777,2
6778,2
6779,2
6780,1
6781,1
6782,3
6783,2
6784,7
6785,14
6786,6
6787,12
6788,2
6789,46
6790,1
6791,3
6792,44
6793,1
6794,16
6795,3
6796,2
6797,31
6798,1
6799,9
6800,14
6801,2
6802,8
6803,9
6804,1
6805,4
6806,3
6807,1
6808,4
6809,5
6810,8
6811,13
6812,14
6813,12
6814,3
6815,2
6816,4
6817,14
6818,25
6819,2
6820,3
6821,4
6822,2
6823,4
6824,3
6825,2
6826,2
6827,6
6828,3
6829,1
6830,1
6831,3
6832,5
6833,1
6834,2
6835,3
6836,12
6837,2
6838,9
6839,4
6840,7
6841,7
6842,11
6843,4
6844,1
6845,10
6846,8
6847,4
6848,3
6849,1
6850,1
6851,8
6852,13
6853,5
6854,2
6855,5
6856,4
6857,12
6858,4
6859,22
6860,22
6861,4
6862,11
6863,2
6864,3
6865,4
6866,5
6867,1
6868,1
6869,1
6870,39
6871,1
6872,2
6873,9
6874,6
6875,1
6876,26
6877,8
6878,3
6879,1
6880,2
6881,4
6882,8
6883,11
6884,18
6885,2
6886,7
6887,33
6888,33
6889,2
6890,6
6891,74
6892,2
6893,6
6894,3
6895,3
6896,4
6897,6
6898,2
6899,9
6900,1
6901,1
6902,2
6903,8
6904,2
6905,8
6906,7
6907,3
6908,4
6909,3
6910,1
6911,16
6912,30
6913,6
6914,4
6915,1
6916,4
6917,2
6918,1
6919,13
6920,4
6921,12
6922,2
6923,1
6924,6
6925,11
6926,1
6927,3
6928,2
6929,3
6930,4
6931,13
6932,6
6933,1
6934,2
6935,10
6936,5
6937,4
6938,9
6939,1
6940,12
6941,15
6942,7
6943,3
6944,3
6945,3
6946,14
6947,1
6948,1
6949,4
6950,3
6951,2
6952,5
6953,8
6954,6
6955,33
6956,1
6957,2
6958,28
6959,7
6960,17
6961,1
6962,1
6963,2
6964,6
6965,6
6966,5
6967,9
6968,5
6969,9
6970,10
6971,2
6972,15
6973,11
6974,4
6975,2
6976,4
6977,2
6978,3
6979,3
6980,1
6981,2
6982,1
6983,8
6984,1
6985,5
6986,1
6987,5
6988,1
6989,1
6990,19
6991,33
6992,2
6993,3
6994,2
6995,1
6996,2
6997,2
6998,2
6999,8
7000,1
7001,44
7002,5
7003,1
7004,3
7005,1
7006,1
7007,1
7008,3
7009,22
7010,3
7011,3
7012,12
7013,10
7014,11
7015,21
7016,6
7017,6
7018,1
7019,5
7020,2
7021,7
7022,7
7023,3
7024,16
7025,2
7026,6
7027,1
7028,28
7029,9
7030,25
7031,6
7032,19
7033,3
7034,1
7035,8
7036,5
7037,2
7038,1
7039,1
7040,1
7041,2
7042,8
7043,4
7044,3
7045,10
7046,10
7047,2
7048,1
7049,3
7050,5
7051,1
7052,9
7053,3
7054,7
7055,1
7056,4
7057,3
7058,2
7059,6
7060,5
7061,8
7062,2
7063,4
7064,11
7065,2
7066,1
7067,4
7068,10
7069,2
7070,3
7071,18
7072,6
7073,1
7074,20
7075,32
7076,6
7077,1
7078,9
7079,13
7080,24
7081,2
7082,2
7083,16
7084,2
7085,3
7086,11
7087,6
7088,12
7089,22
7090,15
7091,5
7092,1
7093,6
7094,2
7095,2
7096,1
7097,4
7098,20
7099,2
7100,61
7101,4
7102,4
7103,1
7104,5
7105,5
7106,6
7107,4
7108,1
7109,2
7110,13
7111,2
7112,2
7113,2
7114,2
7115,1
7116,1
7117,5
7118,6
7119,2
7120,1
7121,3
7122,8
7123,37
7124,1
7125,1
7126,6
7127,11
7128,10
7129,8
7130,1
7131,4
7132,3
7133,5
7134,1
7135,7
7136,1
7137,1
7138,1
7139,2
7140,1
7141,41
7142,1
7143,9
7144,6
7145,1
7146,4
7147,3
7148,6
7149,3
7150,1
7151,4
7152,1
7153,7
7154,1
7155,3
7156,4
7157,2
7158,7
7159,4
7160,4
7161,1
7162,77
7163,8
7164,1
7165,13
7166,3
7167,1
7168,1
7169,1
7170,11
7171,5
7172,7
7173,14
7174,1
7175,1
7176,2
7177,4
7178,11
7179,6
7180,1
7181,2
7182,4
7183,1
7184,5
7185,3
7186,3
7187,10
7188,10
7189,2
7190,5
7191,3
7192,3
7193,2
7194,2
7195,2
7196,1
7197,1
7198,2
7199,62
7200,6
7201,1
7202,10
7203,4
7204,3
7205,6
7206,1
7207,2
7208,1
7209,4
7210,1
7211,3
7212,3
7213,16
7214,5
7215,15
7216,11
7217,2
7218,1
7219,7
7220,4
7221,2
7222,1
7223,5
7224,71
7225,18
7226,62
7227,11
7228,18
7229,3
7230,7
7231,3
7232,9
7233,9
7234,2
7235,10
7236,1
7237,216
7238,3
7239,1
7240,3
7241,1
7242,2
7243,4
7244,7
7245,8
7246,3
7247,1
7248,16
7249,1
7250,1
7251,3
7252,8
7253,2
7254,9
7255,6
7256,28
7257,7
7258,2
7259,1
7260,7
7261,1
7262,4
7263,1
7264,2
7265,3
7266,10
7267,1
7268,5
7269,1
7270,9
7271,1
7272,4
7273,4
7274,5
7275,3
7276,1
7277,1
7278,1
7279,12
7280,4
7281,1
7282,13
7283,2
7284,45
7285,3
7286,3
7287,12
7288,3
7289,5
7290,1
7291,3
7292,3
7293,4
7294,11
7295,6
7296,16
7297,4
7298,3
7299,1
7300,4
7301,10
7302,8
7303,5
7304,5
7305,5
7306,2
7307,1
7308,6
7309,1
7310,1
7311,4
7312,1
7313,6
7314,5
7315,11
7316,4
7317,8
7318,1
7319,2
7320,5
7321,1
7322,5
7323,1
7324,1
7325,1
7326,2
7327,7
7328,3
7329,4
7330,2
7331,7
7332,6
7333,4
7334,43
7335,8
7336,3
7337,1
7338,10
7339,51
7340,10
7341,2
7342,1
7343,1
7344,3
7345,2
7346,3
7347,1
7348,3
7349,6
7350,18
7351,13
7352,48
7353,5
7354,4
7355,6
7356,2
7357,4
7358,5
7359,13
7360,4
7361,3
7362,4
7363,3
7364,5
7365,10
7366,8
7367,1
7368,9
7369,3
7370,2
7371,2
7372,2
7373,2
7374,8
7375,9
7376,4
7377,1
7378,4
7379,7
7380,3
7381,13
7382,2
7383,17
7384,1
7385,5
7386,6
7387,2
7388,1
7389,1
7390,2
7391,5
7392,1
7393,1
7394,1
7395,9
7396,3
7397,8
7398,25
7399,2
7400,9
7401,7
7402,7
7403,18
7404,3
7405,15
7406,10
7407,1
7408,1
7409,14
7410,8
7411,7
7412,5
7413,6
7414,14
7415,8
7416,36
7417,2
7418,2
7419,2
7420,1
7421,5
7422,1
7423,5
7424,3
7425,7
7426,1
7427,7
7428,1
7429,1
7430,1
7431,1
7432,5
7433,1
7434,1
7435,33
7436,2
7437,4
7438,1
7439,3
7440,2
7441,1
7442,6
7443,1
7444,6
7445,2
7446,2
7447,3
7448,7
7449,2
7450,6
7451,1
7452,6
7453,1
7454,3
7455,2
7456,2
7457,5
7458,2
7459,4
7460,21
7461,1
7462,5
7463,3
7464,11
7465,2
7466,1
7467,2
7468,19
7469,4
7470,4
7471,1
7472,6
7473,1
7474,2
7475,5
7476,10
7477,7
7478,2
7479,2
7480,4
7481,2
7482,18
7483,6
7484,5
7485,2
7486,5
7487,7
7488,46
7489,30
7490,18
7491,5
7492,4
7493,1
7494,1
7495,1
7496,2
7497,9
7498,39
7499,4
7500,4
7501,4
7502,8
7503,1
7504,4
7505,1
7506,2
7507,13
7508,2
7509,1
7510,1
7511,2
7512,3
7513,6
7514,1
7515,2
7516,3
7517,5
7518,2
7519,6
7520,2
7521,3
7522,9
7523,1
7524,1
7525,3
7526,9
7527,4
7528,3
7529,1
7530,1
7531,2
7532,12
7533,27
7534,21
7535,7
7536,23
7537,10
7538,3
7539,1
7540,6
7541,7
7542,9
7543,1
7544,1
7545,10
7546,1
7547,15
7548,22
7549,6
7550,6
7551,14
7552,11
7553,13
7554,7
7555,4
7556,5
7557,5
7558,12
7559,2
7560,9
7561,2
7562,2
7563,14
7564,5
7565,24
7566,3
7567,2
7568,6
7569,16
7570,1
7571,8
7572,2
7573,8
7574,5
7575,13
7576,1
7577,2
7578,3
7579,36
7580,23
7581,11
7582,1
7583,6
7584,9
7585,9
7586,4
7587,29
7588,2
7589,4
7590,1
7591,2
7592,14
7593,3
7594,1
7595,39
7596,1
7597,5
7598,9
7599,1
7600,25
7601,15
7602,15
7603,1
7604,34
7605,7
7606,9
7607,14
7608,17
7609,2
7610,14
7611,2
7612,5
7613,1
7614,5
7615,8
7616,1
7617,1
7618,13
7619,1
7620,3
7621,14
7622,3
7623,11
